student_id,cgpa,avg_internal_marks,backlogs
MU23CS001,6.84,67.3,1
MU24IT001,7.88,68.9,0
MU23EC001,4.5,41.7,1
MU23ME001,5.62,48.2,0
MU25CS001,5.84,57.9,0
MU25IT001,7.75,69.0,0
MU25EC001,7.02,,0
MU24ME001,7.6,71.7,0
MU25CS002,5.71,43.8,0
MU25IT002,5.75,59.2,4
MU24EC001,9.1,88.0,0
MU24ME002,6.37,68.5,0
MU25CS003,7.43,75.5,0
MU24IT002,7.19,60.8,0
MU25EC002,6.3,54.5,0
MU25ME001,7.04,52.4,0
MU25CS004,,70.5,0
MU23IT001,7.44,65.7,0
MU24EC002,4.77,41.9,4
MU23ME002,4.48,41.4,2
MU25CS005,8.63,74.7,0
MU25IT003,7.2,68.0,0
MU25EC003,5.25,50.1,2
MU24ME003,4.35,54.3,2
MU24CS001,7.68,56.4,0
MU24IT003,7.52,75.6,0
MU24EC003,8.59,75.3,0
MU24ME004,7.14,69.9,0
MU24CS002,6.0,65.2,0
MU23IT002,5.8,,2
MU24EC004,7.92,67.6,0
MU24ME005,7.13,52.4,1
MU23CS002,5.1,41.0,4
MU23IT003,9.14,75.3,0
MU25EC004,,79.6,0
MU25ME002,7.14,73.8,0
MU24CS003,6.34,56.6,1
MU25IT004,8.18,71.7,0
MU24EC005,7.91,62.7,0
MU23ME003,7.03,57.9,0
MU24CS004,7.97,78.5,0
MU24IT004,7.77,68.8,0
MU23EC002,7.72,75.6,0
MU24ME006,6.2,58.0,1
MU23CS003,6.41,56.6,0
MU23IT004,5.07,51.7,3
MU24EC006,7.37,60.5,0
MU23ME004,5.7,59.0,0
MU25CS006,5.81,46.6,2
MU23IT005,8.63,87.0,0
MU25EC005,8.87,72.3,0
MU23ME005,8.55,72.2,0
MU23CS004,6.74,64.9,1
MU25IT005,7.42,67.6,0
MU24EC007,9.4,92.0,0
MU25ME003,7.4,,0
MU24CS005,5.46,49.2,3
MU23IT006,6.88,67.9,1
MU25EC006,6.04,46.0,3
MU23ME006,6.29,50.0,0
MU25CS007,7.12,59.7,1
MU25IT006,,56.4,0
MU23EC003,9.03,84.7,0
MU23ME007,7.95,68.1,0
MU24CS006,6.7,61.0,0
MU23IT007,6.98,62.0,0
MU24EC008,6.65,50.9,0
MU25ME004,7.78,53.4,0
MU24CS007,5.97,58.0,0
MU25IT007,,48.0,2
MU23EC004,6.26,50.7,1
MU24ME007,5.09,,4
MU23CS005,7.99,77.1,0
MU25IT008,6.89,70.1,1
MU25EC007,5.24,42.6,1
MU23ME008,7.16,68.7,0
MU24CS008,7.97,,0
MU25IT009,,,0
MU24EC009,7.83,63.1,0
MU24ME008,6.81,,0
MU23CS006,5.7,52.0,1
MU24IT005,5.51,46.1,1
MU25EC008,7.81,63.8,0
MU23ME009,7.13,67.1,0
MU23CS007,7.73,70.6,0
MU23IT008,7.67,75.2,0
MU23EC005,7.16,57.3,1
MU23ME010,5.86,54.5,2
MU25CS008,6.73,61.8,1
MU24IT006,6.9,63.6,0
MU23EC006,6.86,57.5,1
MU25ME005,5.93,57.7,0
MU24CS009,6.94,67.6,0
MU23IT009,6.73,69.8,0
MU25EC009,6.57,62.0,0
MU25ME006,6.67,70.7,0
MU24CS010,6.01,76.9,0
MU23IT010,7.09,67.3,1
MU24EC010,7.85,67.4,0
MU24ME009,4.8,56.0,1
MU24CS011,6.44,51.6,0
MU25IT010,7.62,72.3,0
MU23EC007,5.35,48.5,2
MU23ME011,4.52,46.8,3
MU23CS008,4.75,44.2,1
MU24IT007,6.59,63.1,0
MU25EC010,6.83,68.8,1
MU23ME012,6.44,66.1,0
MU25CS009,7.36,72.0,0
MU23IT011,4.48,33.9,1
MU24EC011,7.53,72.4,0
MU25ME007,8.74,80.7,0
MU25CS010,49.8,42.2,1
MU25IT011,6.55,56.7,1
MU24EC012,6.35,56.2,0
MU23ME013,5.44,58.6,0
MU23CS009,6.48,64.5,0
MU23IT012,8.18,76.6,0
MU25EC011,9.47,82.0,0
MU25ME008,7.33,59.4,1
MU25CS011,7.96,75.1,0
MU25IT012,7.96,60.8,0
MU24EC013,8.14,77.9,0
MU25ME009,7.15,61.0,0
MU24CS012,7.37,51.9,0
MU23IT013,6.72,62.9,0
MU24EC014,9.9,90.9,0
MU25ME010,7.6,68.0,2
MU23CS010,6.34,54.2,1
MU25IT013,7.87,73.6,0
MU25EC012,6.98,52.3,0
MU24ME010,,47.8,0
MU23CS011,7.63,68.1,0
MU23IT014,7.32,66.9,0
MU23EC008,7.34,74.6,0
MU24ME011,7.14,66.8,0
MU25CS012,6.84,56.2,0
MU23IT015,6.75,64.4,0
MU23EC009,4.61,46.1,2
MU23ME014,7.19,69.1,0
MU25CS013,6.17,56.4,1
MU24IT008,5.8,43.5,0
MU25EC013,6.67,61.9,1
MU25ME011,7.53,65.3,0
MU25CS014,6.72,60.7,1
MU23IT016,7.74,64.6,0
MU23EC010,5.09,47.8,1
MU23ME015,7.1,42.1,0
MU24CS013,6.19,53.0,0
MU25IT014,6.81,58.4,1
MU25EC014,6.93,58.4,0
MU23ME016,5.39,53.9,1
MU23CS012,6.86,68.2,0
MU23IT017,7.15,49.0,1
MU25EC015,4.56,46.3,3
MU25ME012,6.22,38.8,2
MU23CS013,,64.8,0
MU25IT015,6.01,52.3,0
MU24EC015,6.93,61.2,0
MU23ME017,7.46,60.0,1
MU23CS014,,65.8,1
MU25IT016,8.01,71.3,0
MU24EC016,4.86,50.5,0
MU24ME012,5.32,42.2,2
MU25CS015,5.22,43.3,0
MU24IT009,6.24,61.1,0
MU25EC016,8.1,73.2,0
MU24ME013,5.36,54.5,3
MU23CS015,4.0,43.2,3
MU23IT018,4.85,45.0,5
MU25EC017,55.9,48.7,1
MU25ME013,6.42,55.3,1
MU25CS016,6.53,59.7,2
MU24IT010,7.24,64.3,0
MU23EC011,6.83,70.5,1
MU23ME018,8.36,67.4,0
MU25CS017,6.12,55.5,0
MU23IT019,6.07,56.8,1
MU24EC017,7.51,66.2,0
MU23ME019,5.33,45.2,0
MU25CS018,7.01,56.2,0
MU23IT020,6.75,59.9,0
MU24EC018,6.28,54.2,0
MU25ME014,8.58,65.9,0
MU25CS019,6.14,51.6,0
MU24IT011,8.56,74.3,0
MU25EC018,6.28,63.5,1
MU23ME020,4.98,54.1,1
MU25CS020,7.31,57.2,0
MU23IT021,5.76,50.8,0
MU25EC019,,44.1,2
MU23ME021,7.56,62.6,0
MU25CS021,7.1,69.4,0
MU23IT022,5.54,61.4,1
MU23EC012,8.25,66.6,0
MU25ME015,7.72,78.7,0
MU25CS022,8.05,65.8,0
MU25IT017,7.35,59.3,0
MU23EC013,8.68,78.5,0
MU25ME016,4.93,55.1,2
MU24CS014,5.94,62.1,2
MU23IT023,6.18,54.0,1
MU23EC014,6.7,49.9,1
MU25ME017,7.08,44.7,1
MU25CS023,6.63,61.3,0
MU24IT012,7.68,76.8,0
MU23EC015,6.79,53.8,1
MU24ME014,8.09,66.1,0
MU24CS015,7.28,60.6,3
MU24IT013,7.7,68.3,1
MU25EC020,6.35,62.9,0
MU24ME015,7.66,73.4,0
MU23CS016,7.64,72.5,0
MU25IT018,8.55,76.1,0
MU25EC021,6.54,71.2,0
MU23ME022,7.1,61.4,0
MU25CS024,5.34,68.5,1
MU24IT014,7.12,63.5,0
MU24EC019,8.1,72.7,0
MU24ME016,7.79,72.9,0
MU23CS017,6.4,75.2,1
MU23IT024,7.55,74.7,0
MU24EC020,6.96,56.8,0
MU23ME023,8.39,81.2,0
MU24CS016,7.62,62.6,0
MU25IT019,6.92,59.4,0
MU24EC021,6.8,57.3,0
MU23ME024,4.0,38.8,1
MU23CS018,6.39,61.5,0
MU24IT015,4.0,,2
MU25EC022,4.9,44.8,2
MU25ME018,6.91,77.6,0
MU25CS025,8.02,78.2,0
MU23IT025,6.21,51.8,1
MU23EC016,6.1,,1
MU24ME017,8.04,72.1,0
MU24CS017,6.26,64.3,0
MU24IT016,9.15,80.2,0
MU25EC023,7.52,59.5,0
MU24ME018,7.4,71.5,0
MU23CS019,8.74,73.3,0
MU23IT026,7.46,63.0,0
MU25EC024,5.27,43.5,1
MU24ME019,7.03,65.2,0
MU25CS026,6.63,73.3,3
MU25IT020,4.3,54.0,4
MU25EC025,5.59,68.5,2
MU25ME019,5.6,50.2,1
MU25CS027,7.96,71.7,0
MU23IT027,6.89,56.7,1
MU25EC026,6.6,58.1,0
MU25ME020,7.57,65.7,0
MU25CS028,6.45,64.6,0
MU25IT021,7.4,59.1,0
MU25EC027,5.94,45.1,3
MU25ME021,5.43,44.3,1
MU23CS020,7.92,74.9,0
MU25IT022,5.67,70.7,0
MU25EC028,6.02,57.4,0
MU23ME025,6.94,54.6,0
MU25CS029,8.18,74.7,0
MU23IT028,5.25,53.8,0
MU23EC017,7.49,54.8,0
MU23ME026,7.51,66.8,0
MU25CS030,7.16,71.9,0
MU23IT029,7.17,71.0,0
MU23EC018,5.45,41.5,0
MU23ME027,7.27,68.6,0
MU25CS031,6.14,46.5,0
MU23IT030,6.26,56.3,1
MU23EC019,7.4,76.7,0
MU23ME028,9.31,,0
MU23CS021,8.55,75.2,0
MU25IT023,8.81,79.2,0
MU23EC020,6.6,,1
MU23ME029,7.27,73.0,1
MU25CS032,6.97,74.1,0
MU23IT031,6.72,69.6,0
MU25EC029,7.03,67.6,0
MU23ME030,8.34,71.0,0
MU23CS022,6.84,62.0,0
MU23IT032,6.69,54.0,2
MU23EC021,6.67,51.0,1
MU24ME020,8.17,62.0,1
MU25CS033,6.78,60.3,1
MU25IT024,8.22,66.5,0
MU25EC030,7.25,76.7,0
MU25ME022,6.08,58.4,0
MU25CS034,7.01,74.8,0
MU25IT025,8.23,71.9,0
MU24EC022,,49.5,3
MU23ME031,8.09,78.5,0
MU24CS018,6.86,56.0,1
MU24IT017,5.45,55.0,1
MU24EC023,6.64,56.4,0
MU25ME023,5.08,45.7,1
MU23CS023,6.73,63.4,0
MU25IT026,,69.4,0
MU25EC031,5.58,57.9,1
MU23ME032,7.9,70.3,0
MU23CS024,7.02,68.3,0
MU25IT027,7.45,58.6,0
MU24EC024,8.27,68.8,1
MU23ME033,7.26,59.2,1
MU24CS019,4.5,39.3,3
MU24IT018,6.49,,0
MU23EC022,5.06,44.5,6
MU24ME021,6.58,60.5,0
MU23CS025,6.51,64.6,0
MU23IT033,8.32,71.0,0
MU24EC025,8.16,72.8,0
MU24ME022,6.08,67.8,1
MU23CS026,5.75,53.1,0
MU24IT019,7.96,66.6,0
MU25EC032,6.45,55.4,0
MU23ME034,6.46,52.5,1
MU25CS035,7.71,65.4,0
MU23IT034,6.25,66.4,0
MU25EC033,7.94,71.6,1
MU24ME023,6.87,60.2,0
MU23CS027,5.47,44.2,0
MU23IT035,7.9,70.1,0
MU24EC026,7.45,77.7,0
MU23ME035,7.16,61.8,1
MU24CS020,5.48,63.0,1
MU23IT036,6.1,56.4,2
MU24EC027,6.75,60.0,2
MU25ME024,7.56,58.9,0
MU24CS021,5.91,59.0,0
MU23IT037,7.19,63.9,0
MU24EC028,5.18,56.0,2
MU24ME024,6.56,55.3,0
MU24CS022,7.48,64.0,1
MU24IT020,9.19,86.1,0
MU24EC029,5.02,48.7,0
MU25ME025,8.05,77.7,0
MU25CS036,7.04,61.8,2
MU25IT028,7.04,61.8,0
MU24EC030,7.14,72.7,1
MU24ME025,7.48,72.3,0
MU23CS028,7.05,56.1,0
MU25IT029,8.89,78.5,0
MU23EC023,6.79,53.4,1
MU24ME026,7.51,65.1,0
MU25CS037,5.75,62.4,2
MU25IT030,6.71,51.2,1
MU24EC031,5.53,57.9,2
MU25ME026,6.74,64.6,0
MU25CS038,8.05,,0
MU24IT021,6.51,63.8,0
MU24EC032,6.3,63.7,1
MU25ME027,5.54,47.0,0
MU24CS023,7.1,64.2,1
MU23IT038,5.3,48.3,6
MU23EC024,7.0,46.2,0
MU24ME027,7.1,63.0,0
MU24CS024,7.99,82.2,0
MU23IT039,9.61,97.3,0
MU24EC033,6.33,61.0,2
MU23ME036,8.43,67.8,0
MU25CS039,7.98,67.1,1
MU24IT022,6.27,65.7,0
MU25EC034,7.62,70.2,0
MU23ME037,6.96,67.3,2
MU25CS040,6.2,65.2,0
MU23IT040,6.74,,1
MU23EC025,5.97,45.8,1
MU24ME028,4.87,36.7,0
MU23CS029,7.45,69.9,0
MU25IT031,5.75,60.6,0
MU24EC034,5.64,60.0,1
MU23ME038,7.28,54.1,1
MU25CS041,7.39,73.0,0
MU24IT023,6.48,76.0,0
MU23EC026,6.25,56.6,1
MU25ME028,7.79,72.7,0
MU24CS025,,78.1,0
MU25IT032,7.63,78.6,0
MU24EC035,7.25,64.6,0
MU24ME029,7.63,74.4,0
MU25CS042,8.0,67.4,0
MU25IT033,7.85,64.2,0
MU24EC036,7.96,67.1,0
MU25ME029,7.02,74.8,0
MU24CS026,6.12,62.9,2
MU24IT024,7.15,71.0,0
MU24EC037,6.27,47.5,1
MU24ME030,5.5,69.8,1
MU24CS027,8.7,71.2,0
MU24IT025,7.34,66.1,0
MU24EC038,9.19,64.7,0
MU23ME039,6.79,67.9,0
MU23CS030,5.19,57.4,1
MU23IT041,6.32,74.3,2
MU25EC035,7.25,54.6,1
MU23ME040,7.35,71.5,0
MU24CS028,7.9,72.6,0
MU23IT042,6.46,63.6,1
MU24EC039,7.49,55.3,0
MU25ME030,5.87,61.9,2
MU25CS043,6.67,70.8,0
MU25IT034,6.44,61.8,0
MU24EC040,6.16,59.1,0
MU25ME031,7.11,55.3,0
MU24CS029,7.34,56.9,1
MU23IT043,6.88,56.8,1
MU25EC036,8.7,66.8,0
MU24ME031,7.04,66.3,0
MU24CS030,6.26,67.0,0
MU25IT035,4.63,38.9,0
MU25EC037,5.53,56.0,0
MU25ME032,5.97,58.0,2
MU23CS031,6.26,57.8,1
MU23IT044,8.27,70.7,0
MU25EC038,6.94,55.2,0
MU25ME033,8.33,,0
MU23CS032,69.7,62.2,0
MU24IT026,7.09,74.5,0
MU24EC041,6.69,61.5,0
MU24ME032,6.99,56.5,2
MU23CS033,8.19,84.8,0
MU25IT036,4.65,44.9,2
MU23EC027,5.1,48.3,0
MU23ME041,5.96,64.3,3
MU25CS044,6.84,58.2,0
MU25IT037,7.21,67.4,0
MU23EC028,7.04,65.2,0
MU25ME034,5.91,50.8,1
MU24CS031,8.39,69.6,0
MU23IT045,8.31,79.3,0
MU23EC029,7.23,65.1,0
MU23ME042,8.65,62.6,0
MU23CS034,6.99,55.1,1
MU23IT046,7.6,66.9,0
MU25EC039,7.4,67.7,0
MU25ME035,7.03,59.1,1
MU24CS032,6.62,60.4,0
MU24IT027,8.44,66.4,0
MU25EC040,4.73,48.5,2
MU24ME033,5.33,46.9,2
MU23CS035,6.41,59.5,0
MU25IT038,6.54,59.0,2
MU25EC041,6.67,,1
MU24ME034,4.88,50.0,1
MU24CS033,6.0,58.3,0
MU25IT039,5.88,58.6,1
MU25EC042,8.98,87.9,0
MU23ME043,8.25,80.3,0
MU23CS036,7.59,56.9,1
MU25IT040,6.32,70.2,1
MU23EC030,5.0,46.2,1
MU25ME036,4.58,44.9,3
MU24CS034,6.66,61.0,0
MU24IT028,6.05,55.4,1
MU24EC042,6.96,58.7,0
MU23ME044,5.5,49.5,0
MU25CS045,5.75,54.1,1
MU24IT029,7.1,53.8,0
MU25EC043,6.77,65.4,0
MU25ME037,6.94,59.2,0
MU25CS046,5.07,39.7,3
MU25IT041,7.12,70.5,0
MU24EC043,6.48,,0
MU25ME038,7.74,70.9,0
MU25CS047,7.23,65.3,0
MU24IT030,5.44,38.0,1
MU23EC031,6.83,51.0,0
MU23ME045,6.37,77.1,0
MU23CS037,7.8,61.2,0
MU25IT042,6.74,64.4,2
MU23EC032,8.61,71.7,0
MU25ME039,7.98,71.5,0
MU24CS035,6.1,,0
MU24IT031,6.88,72.1,0
MU24EC044,8.41,80.2,0
MU25ME040,9.01,77.0,0
MU23CS038,5.88,44.6,2
MU23IT047,5.26,55.3,0
MU23EC033,7.84,68.1,0
MU24ME035,5.42,55.0,1
MU25CS048,5.32,65.9,1
MU24IT032,5.7,65.7,0
MU25EC044,6.58,70.1,1
MU23ME046,6.33,60.6,0
MU23CS039,6.19,44.5,0
MU23IT048,5.59,48.0,1
MU23EC034,6.04,63.3,1
MU23ME047,6.4,49.3,0
MU25CS049,8.5,78.3,0
MU24IT033,7.0,63.7,0
MU25EC045,8.15,63.6,0
MU23ME048,6.12,50.2,0
MU24CS036,6.36,60.0,2
MU24IT034,6.61,50.2,0
MU23EC035,4.01,33.7,3
MU25ME041,5.92,44.9,1
MU23CS040,5.18,,2
MU24IT035,4.4,40.4,2
MU24EC045,5.82,50.2,1
MU25ME042,8.27,77.5,0
MU25EC012,6.98,52.3,0
MU23ME031,8.09,78.5,0
MU25IT004,8.18,71.7,0
MU24ME018,7.4,71.5,0
MU23ME021,7.56,62.6,0
MU23CS033,8.19,84.8,0
