student_id,overall_attendance_pct,last_30d_attendance_pct
MU23CS001,70.6,74.6
MU24IT001,83.7,80.4
MU23EC001,54.0,49.6
MU23ME001,83.7,85.0
MU25CS001,69.2,65.4
MU25IT001,78%,
MU25EC001,79.4,71.5
MU24ME001,82.4,75.6
MU25CS002,67.8,70.1
MU25IT002,78.8,82.6
MU24EC001,91.0,89.0
MU24ME002,79.6,82.1
MU25CS003,79%,74.5
MU24IT002,73%,71.6
MU25EC002,84.9,91.9
MU25ME001,,76.3
MU25CS004,76.8,80.1
MU23IT001,93.7,100.0
MU24EC002,60.5,54.8
MU23ME002,,58.1
MU25CS005,81.6,75.8
MU25IT003,74%,46.0
MU25EC003,63.8,48.2
MU24ME003,59.0,56.3
MU24CS001,67.5,
MU24IT003,84.6,87.8
MU24EC003,79.1,79.7
MU24ME004,74%,69.2
MU24CS002,60.8,62.8
MU23IT002,73.1,75.9
MU24EC004,69.8,63.7
MU24ME005,63%,58.4
MU23CS002,52.0,47.0
MU23IT003,75.6,67.6
MU25EC004,92.7,86.7
MU25ME002,77.8,76.7
MU24CS003,77.8,70.6
MU25IT004,81.1,76.5
MU24EC005,73.5,64.6
MU23ME003,69%,68.8
MU24CS004,88.0,89.1
MU24IT004,79.9,80.8
MU23EC002,75.0,73.6
MU24ME006,82.0,84.0
MU23CS003,77.5,72.3
MU23IT004,68.1,64.2
MU24EC006,82.1,78.2
MU23ME004,76.0,74.9
MU25CS006,66.4,73.5
MU23IT005,79.4,82.8
MU25EC005,75.5,68.1
MU23ME005,73.4,76.0
MU23CS004,83.0,85.3
MU25IT005,81.1,74.8
MU24EC007,96.0,95.0
MU25ME003,83.3,80.8
MU24CS005,53.7,43.7
MU23IT006,76.1,77.3
MU25EC006,77.2,77.0
MU23ME006,66.4,63.5
MU25CS007,80.4,78.7
MU25IT006,85.6,79.8
MU23EC003,90.3,92.5
MU23ME007,97.5,95.7
MU24CS006,65.1,64.6
MU23IT007,80.3,80.9
MU24EC008,74.5,66.1
MU25ME004,70.5,63.6
MU24CS007,70.0,55.2
MU25IT007,62.3,64.2
MU23EC004,73.6,64.8
MU24ME007,76.9,76.2
MU23CS005,78.2,78.9
MU25IT008,66%,68.0
MU25EC007,54.0,45.3
MU23ME008,73.0,71.1
MU24CS008,85.6,94.1
MU25IT009,65.0,73.8
MU24EC009,87.3,91.7
MU24ME008,77.2,77.7
MU23CS006,68.6,61.1
MU24IT005,78.6,81.4
MU25EC008,73.4,71.0
MU23ME009,76.4,78.3
MU23CS007,83.3,78.0
MU23IT008,94.9,92.4
MU23EC005,86.9,86.4
MU23ME010,71%,71.1
MU25CS008,76.4,77.9
MU24IT006,83.1,78.1
MU23EC006,66%,56.4
MU25ME005,74.4,82.6
MU24CS009,74.5,87.9
MU23IT009,72.6,73.8
MU25EC009,70.3,60.9
MU25ME006,80.4,74.3
MU24CS010,75.8,77.4
MU23IT010,49%,55.3
MU24EC010,81.4,72.6
MU24ME009,72.4,70.2
MU24CS011,80.3,80.0
MU25IT010,81.6,85.3
MU23EC007,81%,77.8
MU23ME011,72.6,61.7
MU23CS008,68.3,70.5
MU24IT007,87.4,92.6
MU25EC010,78.9,76.9
MU23ME012,70.1,71.0
MU25CS009,65.2,60.9
MU23IT011,60.7,54.1
MU24EC011,81.6,86.3
MU25ME007,79%,79.7
MU25CS010,73.8,75.2
MU25IT011,75.3,82.8
MU24EC012,80.5,72.7
MU23ME013,71.2,66.4
MU23CS009,81.5,80.9
MU23IT012,84.4,79.5
MU25EC011,94.5,97.7
MU25ME008,57.6,55.0
MU25CS011,89.1,81.6
MU25IT012,83.2,82.1
MU24EC013,98.0,97.5
MU25ME009,73.2,77.3
MU24CS012,74.6,75.5
MU23IT013,85.0,86.3
MU24EC014,,99.1
MU25ME010,81.2,78.6
MU23CS010,82%,75.7
MU25IT013,86.9,87.1
MU25EC012,84.6,81.1
MU24ME010,76.1,84.7
MU23CS011,86.0,92.6
MU23IT014,78.9,81.2
MU23EC008,81.1,81.9
MU24ME011,75.4,73.4
MU25CS012,76.7,67.6
MU23IT015,73.3,
MU23EC009,73.7,
MU23ME014,70.6,70.5
MU25CS013,69.4,70.7
MU24IT008,68.4,72.4
MU25EC013,89.3,83.6
MU25ME011,73.4,67.8
MU25CS014,69.8,77.0
MU23IT016,81.5,84.6
MU23EC010,82.5,78.7
MU23ME015,56.0,53.9
MU24CS013,65.0,62.9
MU25IT014,93.3,92.0
MU25EC014,83.7,
MU23ME016,63.1,76.8
MU23CS012,75.3,74.9
MU23IT017,75.8,78.3
MU25EC015,71.6,60.0
MU25ME012,77.1,72.7
MU23CS013,83.2,89.1
MU25IT015,72.4,73.3
MU24EC015,85.2,57.4
MU23ME017,71.6,74.1
MU23CS014,70.0,80.0
MU25IT016,65.6,52.1
MU24EC016,59%,66.4
MU24ME012,63.3,45.2
MU25CS015,57.5,61.6
MU24IT009,78.2,76.6
MU25EC016,73.1,57.5
MU24ME013,52.3,53.5
MU23CS015,56.4,61.8
MU23IT018,61.7,62.4
MU25EC017,68.5,70.5
MU25ME013,83.4,79.4
MU25CS016,60.8,48.1
MU24IT010,81.1,83.8
MU23EC011,77%,86.4
MU23ME018,76.3,81.6
MU25CS017,67%,53.3
MU23IT019,75.7,65.1
MU24EC017,70.8,64.2
MU23ME019,68.9,57.8
MU25CS018,72.5,71.3
MU23IT020,74.6,75.5
MU24EC018,82.1,72.0
MU25ME014,87.8,91.0
MU25CS019,73.5,75.6
MU24IT011,90%,85.4
MU25EC018,,69.1
MU23ME020,60.9,47.7
MU25CS020,78.4,74.9
MU23IT021,63.8,62.3
MU25EC019,58.8,58.3
MU23ME021,66.3,67.1
MU25CS021,72.0,72.0
MU23IT022,81.6,78.5
MU23EC012,76.9,77.1
MU25ME015,97.7,100.0
MU25CS022,88.0,85.9
MU25IT017,82.6,83.0
MU23EC013,85.8,83.2
MU25ME016,82.2,76.8
MU24CS014,75.3,76.9
MU23IT023,55.1,50.3
MU23EC014,73.2,74.0
MU25ME017,75.6,74.3
MU25CS023,73%,70.0
MU24IT012,94.3,90.8
MU23EC015,84.0,79.5
MU24ME014,87.3,75.9
MU24CS015,84.7,85.5
MU24IT013,64.4,64.3
MU25EC020,66.1,69.7
MU24ME015,88.0,83.3
MU23CS016,82.8,92.7
MU25IT018,,76.4
MU25EC021,82.2,75.4
MU23ME022,71.3,63.8
MU25CS024,65.4,53.5
MU24IT014,,75.8
MU24EC019,70.3,77.0
MU24ME016,79.6,81.7
MU23CS017,70%,62.8
MU23IT024,89.1,98.5
MU24EC020,82%,78.7
MU23ME023,85.4,82.3
MU24CS016,73.9,81.0
MU25IT019,77.4,79.9
MU24EC021,,94.9
MU23ME024,65.5,65.5
MU23CS018,74%,70.0
MU24IT015,62.3,57.1
MU25EC022,,53.5
MU25ME018,84.9,81.7
MU25CS025,73.6,79.0
MU23IT025,53.9,56.0
MU23EC016,70.5,69.1
MU24ME017,83.7,76.2
MU24CS017,77%,76.7
MU24IT016,86.7,91.3
MU25EC023,70%,71.6
MU24ME018,71.2,70.7
MU23CS019,85%,78.4
MU23IT026,,84.6
MU25EC024,68.8,48.5
MU24ME019,81.7,82.5
MU25CS026,68.1,82.0
MU25IT020,66.0,55.4
MU25EC025,,81.4
MU25ME019,75.9,74.4
MU25CS027,82%,77.7
MU23IT027,80.9,85.6
MU25EC026,77.4,78.7
MU25ME020,58.4,57.8
MU25CS028,64.7,68.0
MU25IT021,83.0,81.6
MU25EC027,69.2,86.8
MU25ME021,75.2,74.6
MU23CS020,91.3,91.0
MU25IT022,71.6,59.8
MU25EC028,59.9,55.1
MU23ME025,82%,87.2
MU25CS029,75.2,65.7
MU23IT028,69.2,54.8
MU23EC017,70%,69.1
MU23ME026,94.5,100.0
MU25CS030,68.0,66.8
MU23IT029,74.7,71.2
MU23EC018,67.7,55.0
MU23ME027,,70.7
MU25CS031,81.9,84.4
MU23IT030,77.0,64.8
MU23EC019,80%,85.1
MU23ME028,84.6,87.7
MU23CS021,82.8,88.1
MU25IT023,84.7,86.7
MU23EC020,77.3,79.7
MU23ME029,79.7,81.3
MU25CS032,82%,86.1
MU23IT031,91.8,79.4
MU25EC029,71.0,60.5
MU23ME030,73.9,68.0
MU23CS022,60%,58.2
MU23IT032,,78.8
MU23EC021,79.8,80.2
MU24ME020,88.2,
MU25CS033,70.2,75.6
MU25IT024,93.0,86.3
MU25EC030,72%,71.4
MU25ME022,76.6,70.0
MU25CS034,82.5,79.9
MU25IT025,66.5,66.9
MU24EC022,66.1,44.1
MU23ME031,,99.6
MU24CS018,96.6,98.5
MU24IT017,70.7,65.6
MU24EC023,84%,93.6
MU25ME023,76.2,72.6
MU23CS023,,77.9
MU25IT026,63%,58.5
MU25EC031,75.8,84.2
MU23ME032,70.8,68.7
MU23CS024,87.1,86.5
MU25IT027,82%,87.5
MU24EC024,62.5,64.5
MU23ME033,75.0,73.2
MU24CS019,71.1,76.3
MU24IT018,70.3,84.0
MU23EC022,63.8,64.2
MU24ME021,70%,69.6
MU23CS025,65.2,64.7
MU23IT033,79.8,
MU24EC025,88.6,83.5
MU24ME022,70.0,66.8
MU23CS026,83.3,72.6
MU24IT019,69.5,60.9
MU25EC032,,73.5
MU23ME034,77.4,75.6
MU25CS035,71.3,80.4
MU23IT034,60.7,62.4
MU25EC033,78.1,71.1
MU24ME023,96.7,90.8
MU23CS027,80.3,87.0
MU23IT035,70.3,75.6
MU24EC026,54.7,53.4
MU23ME035,82.8,78.6
MU24CS020,78.5,83.7
MU23IT036,79.9,72.4
MU24EC027,71.1,72.0
MU25ME024,79.2,91.3
MU24CS021,76.8,76.5
MU23IT037,77.0,70.8
MU24EC028,67.4,
MU24ME024,72.8,68.5
MU24CS022,78.1,68.2
MU24IT020,92.1,94.8
MU24EC029,79.1,84.3
MU25ME025,85.2,81.8
MU25CS036,72.7,68.9
MU25IT028,92.9,85.6
MU24EC030,71.4,69.0
MU24ME025,78.4,73.5
MU23CS028,,69.2
MU25IT029,81.4,91.3
MU23EC023,67.7,69.0
MU24ME026,,85.4
MU25CS037,71.7,75.5
MU25IT030,76.9,80.0
MU24EC031,56.5,52.5
MU25ME026,94%,94.4
MU25CS038,86.7,83.6
MU24IT021,74.0,75.1
MU24EC032,65.8,66.4
MU25ME027,68.7,64.9
MU24CS023,65.3,
MU23IT038,76.0,75.4
MU23EC024,64.3,61.6
MU24ME027,82.7,69.9
MU24CS024,83.3,84.8
MU23IT039,94.0,98.3
MU24EC033,68.6,82.3
MU23ME036,,90.8
MU25CS039,65.4,60.7
MU24IT022,66.9,58.7
MU25EC034,65.5,65.3
MU23ME037,69.4,69.1
MU25CS040,75.8,69.4
MU23IT040,65.5,63.0
MU23EC025,60.0,46.6
MU24ME028,55.5,59.6
MU23CS029,74.9,68.8
MU25IT031,84.1,82.4
MU24EC034,,69.0
MU23ME038,78.0,73.0
MU25CS041,73.7,70.5
MU24IT023,66.3,64.7
MU23EC026,,59.6
MU25ME028,82.1,89.2
MU24CS025,88.8,91.7
MU25IT032,81.6,85.9
MU24EC035,90.1,97.3
MU24ME029,78.9,80.8
MU25CS042,82.2,80.5
MU25IT033,75.3,79.9
MU24EC036,78.7,83.6
MU25ME029,96.4,98.8
MU24CS026,54.9,44.7
MU24IT024,78.1,71.6
MU24EC037,80.0,76.9
MU24ME030,55.3,58.5
MU24CS027,78.2,76.6
MU24IT025,75%,
MU24EC038,82.0,88.4
MU23ME039,61.5,67.2
MU23CS030,74.5,80.2
MU23IT041,85.3,77.6
MU25EC035,79.2,80.6
MU23ME040,71%,65.9
MU24CS028,88.7,77.3
MU23IT042,66%,62.7
MU24EC039,,87.4
MU25ME030,86.2,87.5
MU25CS043,84.5,95.1
MU25IT034,69.7,69.3
MU24EC040,74.2,87.4
MU25ME031,64.8,64.4
MU24CS029,64.5,63.1
MU23IT043,67.3,58.1
MU25EC036,85.1,90.3
MU24ME031,82.2,77.7
MU24CS030,77.9,72.5
MU25IT035,67.7,73.9
MU25EC037,66.2,71.6
MU25ME032,74.4,79.7
MU23CS031,72.3,68.6
MU23IT044,76.9,75.1
MU25EC038,74.2,72.3
MU25ME033,90.7,93.9
MU23CS032,77.3,85.1
MU24IT026,74.1,74.8
MU24EC041,86.2,96.5
MU24ME032,72.0,75.9
MU23CS033,93.0,90.1
MU25IT036,72.3,75.8
MU23EC027,50.4,59.1
MU23ME041,60.3,70.8
MU25CS044,67.6,73.2
MU25IT037,74.4,73.1
MU23EC028,79.8,77.0
MU25ME034,79.7,81.7
MU24CS031,94.1,100.0
MU23IT045,78.5,79.6
MU23EC029,77.4,78.6
MU23ME042,65.3,64.1
MU23CS034,,76.7
MU23IT046,69.2,
MU25EC039,81.1,80.4
MU25ME035,92.5,100.0
MU24CS032,88.4,85.5
MU24IT027,84.9,
MU25EC040,55.9,49.2
MU24ME033,61.4,64.2
MU23CS035,70.4,77.1
MU25IT038,70.8,79.0
MU25EC041,82.1,81.8
MU24ME034,68.8,70.7
MU24CS033,65.6,63.2
MU25IT039,84.1,85.8
MU25EC042,85.1,85.5
MU23ME043,75.1,73.9
MU23CS036,76.3,75.6
MU25IT040,75.3,76.5
MU23EC030,73.2,69.9
MU25ME036,66.1,63.1
MU24CS034,77.7,86.4
MU24IT028,71.4,86.2
MU24EC042,66.0,57.3
MU23ME044,59.3,50.2
MU25CS045,78.1,70.9
MU24IT029,83.4,81.3
MU25EC043,80.6,84.5
MU25ME037,92.0,94.0
MU25CS046,83.3,82.8
MU25IT041,81.0,82.7
MU24EC043,66.1,60.4
MU25ME038,88.6,85.6
MU25CS047,,81.3
MU24IT030,63.0,52.0
MU23EC031,67.5,59.0
MU23ME045,78.1,69.9
MU23CS037,67.0,70.1
MU25IT042,81.2,81.2
MU23EC032,78.9,81.1
MU25ME039,84.1,71.6
MU24CS035,66.9,56.5
MU24IT031,80.3,82.8
MU24EC044,80.8,62.6
MU25ME040,88.9,94.7
MU23CS038,80.8,68.4
MU23IT047,76.2,79.8
MU23EC033,86.5,79.7
MU24ME035,74.0,78.8
MU25CS048,75.4,93.1
MU24IT032,80.9,65.8
MU25EC044,69.7,
MU23ME046,80%,67.9
MU23CS039,56.3,57.4
MU23IT048,78.3,75.6
MU23EC034,88.7,88.0
MU23ME047,66.3,59.3
MU25CS049,76.8,80.0
MU24IT033,83.9,73.7
MU25EC045,77.0,82.9
MU23ME048,70.3,66.3
MU24CS036,79%,69.1
MU24IT034,70.8,78.9
MU23EC035,58%,55.8
MU25ME041,61.0,70.9
MU23CS040,68.6,74.4
MU24IT035,63.3,57.0
MU24EC045,66.0,64.0
MU25ME042,81.9,81.1
MU24EC008,74.5,66.1
MU23CS012,75.3,74.9
MU25ME009,73.2,77.3
MU25IT024,93.0,86.3
