student_id,events_attended,clubs_joined,hackathons,certifications
MU23CS001,3.0,2,1,3.0
MU24IT001,,1,1,0.0
MU23EC001,2.0,0,1,0.0
MU23ME001,4.0,2,0,
MU25CS001,5.0,0,0,0.0
MU25IT001,1.0,1,1,2.0
MU25EC001,5.0,0,1,0.0
MU24ME001,1.0,1,1,1.0
MU25CS002,2.0,2,3,0.0
MU25IT002,2.0,3,0,
MU24EC001,1.0,0,0,0.0
MU24ME002,2.0,0,2,0.0
MU25CS003,0.0,0,0,2.0
MU24IT002,2.0,0,0,0.0
MU25EC002,4.0,2,1,1.0
MU25ME001,1.0,3,0,0.0
MU25CS004,5.0,1,0,0.0
MU23IT001,3.0,3,0,2.0
MU24EC002,1.0,1,2,0.0
MU23ME002,3.0,1,1,2.0
MU25CS005,6.0,0,3,0.0
MU25IT003,3.0,2,0,1.0
MU25EC003,,2,0,0.0
MU24ME003,2.0,1,0,0.0
MU24CS001,2.0,2,1,1.0
MU24IT003,2.0,1,0,1.0
MU24EC003,4.0,3,3,3.0
MU24ME004,0.0,0,1,0.0
MU24CS002,3.0,2,0,0.0
MU23IT002,0.0,0,0,1.0
MU24EC004,4.0,2,4,1.0
MU24ME005,6.0,3,1,0.0
MU23CS002,2.0,3,0,0.0
MU23IT003,5.0,4,0,0.0
MU25EC004,5.0,1,0,0.0
MU25ME002,1.0,1,0,0.0
MU24CS003,3.0,1,1,3.0
MU25IT004,4.0,1,0,1.0
MU24EC005,5.0,2,1,2.0
MU23ME003,5.0,0,1,2.0
MU24CS004,5.0,2,1,1.0
MU24IT004,3.0,0,0,0.0
MU23EC002,4.0,1,3,0.0
MU24ME006,9.0,3,4,5.0
MU23CS003,2.0,1,0,1.0
MU23IT004,1.0,0,0,0.0
MU24EC006,1.0,0,0,2.0
MU23ME004,3.0,0,0,1.0
MU25CS006,4.0,0,0,1.0
MU23IT005,5.0,0,1,3.0
MU25EC005,4.0,0,3,2.0
MU23ME005,3.0,2,1,2.0
MU23CS004,0.0,0,0,0.0
MU25IT005,1.0,4,1,2.0
MU24EC007,8.0,3,3,5.0
MU25ME003,5.0,2,1,1.0
MU24CS005,1.0,0,1,0.0
MU23IT006,2.0,1,3,1.0
MU25EC006,5.0,1,0,2.0
MU23ME006,0.0,2,1,1.0
MU25CS007,5.0,3,1,2.0
MU25IT006,0.0,0,0,0.0
MU23EC003,4.0,0,1,1.0
MU23ME007,5.0,1,0,1.0
MU24CS006,5.0,2,0,0.0
MU23IT007,7.0,0,1,3.0
MU24EC008,0.0,0,0,0.0
MU25ME004,1.0,0,2,1.0
MU24CS007,4.0,1,2,2.0
MU25IT007,3.0,2,1,1.0
MU23EC004,,1,1,0.0
MU24ME007,2.0,2,0,
MU23CS005,3.0,2,1,0.0
MU25IT008,0.0,1,0,1.0
MU25EC007,4.0,0,0,0.0
MU23ME008,4.0,0,0,4.0
MU24CS008,1.0,1,0,1.0
MU25IT009,3.0,2,0,0.0
MU24EC009,1.0,0,2,1.0
MU24ME008,1.0,1,0,1.0
MU23CS006,0.0,1,2,3.0
MU24IT005,0.0,0,0,0.0
MU25EC008,2.0,1,2,1.0
MU23ME009,11.0,2,1,1.0
MU23CS007,6.0,2,0,3.0
MU23IT008,1.0,0,0,0.0
MU23EC005,1.0,1,0,0.0
MU23ME010,5.0,0,2,3.0
MU25CS008,0.0,0,0,0.0
MU24IT006,8.0,2,1,0.0
MU23EC006,1.0,0,0,0.0
MU25ME005,5.0,1,1,0.0
MU24CS009,2.0,1,0,2.0
MU23IT009,3.0,0,0,0.0
MU25EC009,5.0,1,0,1.0
MU25ME006,0.0,2,1,1.0
MU24CS010,3.0,0,1,
MU23IT010,4.0,0,2,2.0
MU24EC010,1.0,0,0,0.0
MU24ME009,10.0,1,0,1.0
MU24CS011,2.0,0,0,0.0
MU25IT010,1.0,0,0,0.0
MU23EC007,3.0,0,1,0.0
MU23ME011,0.0,0,0,0.0
MU23CS008,1.0,1,0,0.0
MU24IT007,6.0,1,2,2.0
MU25EC010,0.0,2,0,1.0
MU23ME012,0.0,0,0,0.0
MU25CS009,4.0,1,0,1.0
MU23IT011,1.0,0,0,0.0
MU24EC011,2.0,0,0,1.0
MU25ME007,1.0,0,0,1.0
MU25CS010,1.0,1,1,0.0
MU25IT011,2.0,0,1,1.0
MU24EC012,2.0,0,0,2.0
MU23ME013,6.0,4,1,0.0
MU23CS009,0.0,1,0,0.0
MU23IT012,4.0,0,3,3.0
MU25EC011,10.0,5,0,3.0
MU25ME008,3.0,3,0,1.0
MU25CS011,6.0,0,2,1.0
MU25IT012,4.0,3,1,1.0
MU24EC013,4.0,1,1,3.0
MU25ME009,3.0,1,0,1.0
MU24CS012,1.0,0,2,0.0
MU23IT013,9.0,3,1,3.0
MU24EC014,4.0,1,0,4.0
MU25ME010,1.0,0,0,2.0
MU23CS010,6.0,0,1,2.0
MU25IT013,3.0,0,0,2.0
MU25EC012,3.0,0,0,1.0
MU24ME010,2.0,2,1,0.0
MU23CS011,2.0,0,0,1.0
MU23IT014,5.0,0,0,1.0
MU23EC008,7.0,1,1,4.0
MU24ME011,4.0,1,0,1.0
MU25CS012,4.0,1,1,0.0
MU23IT015,3.0,1,0,2.0
MU23EC009,0.0,1,0,0.0
MU23ME014,5.0,2,1,0.0
MU25CS013,2.0,0,0,0.0
MU24IT008,2.0,1,0,0.0
MU25EC013,1.0,0,0,2.0
MU25ME011,5.0,0,2,3.0
MU25CS014,3.0,0,0,
MU23IT016,0.0,0,0,1.0
MU23EC010,2.0,0,0,0.0
MU23ME015,3.0,2,0,1.0
MU24CS013,2.0,3,0,2.0
MU25IT014,4.0,3,1,0.0
MU25EC014,1.0,1,0,0.0
MU23ME016,3.0,4,0,0.0
MU23CS012,8.0,1,1,3.0
MU23IT017,,0,0,2.0
MU25EC015,2.0,0,1,0.0
MU25ME012,2.0,1,0,0.0
MU23CS013,5.0,2,1,1.0
MU25IT015,1.0,1,2,0.0
MU24EC015,3.0,2,1,
MU23ME017,3.0,1,1,0.0
MU23CS014,4.0,2,3,3.0
MU25IT016,0.0,0,0,4.0
MU24EC016,2.0,0,0,1.0
MU24ME012,2.0,1,0,0.0
MU25CS015,0.0,0,0,1.0
MU24IT009,5.0,0,0,2.0
MU25EC016,7.0,2,2,1.0
MU24ME013,1.0,1,0,2.0
MU23CS015,,0,0,0.0
MU23IT018,1.0,0,0,0.0
MU25EC017,2.0,0,0,1.0
MU25ME013,3.0,2,3,2.0
MU25CS016,2.0,0,1,1.0
MU24IT010,4.0,1,2,1.0
MU23EC011,0.0,0,0,0.0
MU23ME018,4.0,4,2,
MU25CS017,3.0,0,4,2.0
MU23IT019,1.0,1,0,0.0
MU24EC017,4.0,2,1,1.0
MU23ME019,0.0,1,0,0.0
MU25CS018,7.0,2,1,1.0
MU23IT020,1.0,1,1,0.0
MU24EC018,2.0,1,2,0.0
MU25ME014,6.0,1,1,1.0
MU25CS019,1.0,0,0,1.0
MU24IT011,6.0,1,0,4.0
MU25EC018,4.0,0,0,1.0
MU23ME020,6.0,1,0,1.0
MU25CS020,6.0,0,0,3.0
MU23IT021,4.0,2,0,2.0
MU25EC019,0.0,1,0,0.0
MU23ME021,9.0,1,1,1.0
MU25CS021,0.0,0,0,1.0
MU23IT022,,1,3,3.0
MU23EC012,2.0,0,3,2.0
MU25ME015,5.0,0,1,5.0
MU25CS022,5.0,0,0,3.0
MU25IT017,5.0,5,2,2.0
MU23EC013,3.0,1,1,3.0
MU25ME016,5.0,0,0,0.0
MU24CS014,4.0,0,0,0.0
MU23IT023,2.0,0,2,0.0
MU23EC014,,1,0,0.0
MU25ME017,4.0,1,2,0.0
MU25CS023,1.0,1,0,0.0
MU24IT012,0.0,1,0,2.0
MU23EC015,6.0,0,2,4.0
MU24ME014,5.0,0,3,4.0
MU24CS015,4.0,1,4,2.0
MU24IT013,1.0,2,1,0.0
MU25EC020,2.0,0,0,0.0
MU24ME015,0.0,0,0,0.0
MU23CS016,1.0,0,0,0.0
MU25IT018,2.0,0,0,2.0
MU25EC021,6.0,0,4,1.0
MU23ME022,2.0,1,1,2.0
MU25CS024,,1,0,
MU24IT014,0.0,0,1,0.0
MU24EC019,2.0,0,0,0.0
MU24ME016,3.0,1,0,1.0
MU23CS017,3.0,0,0,0.0
MU23IT024,2.0,1,2,
MU24EC020,,0,0,1.0
MU23ME023,,3,3,0.0
MU24CS016,4.0,2,0,1.0
MU25IT019,8.0,0,0,1.0
MU24EC021,8.0,5,1,0.0
MU23ME024,7.0,1,1,0.0
MU23CS018,3.0,1,0,4.0
MU24IT015,0.0,0,0,0.0
MU25EC022,1.0,1,0,1.0
MU25ME018,3.0,2,1,1.0
MU25CS025,3.0,0,0,1.0
MU23IT025,2.0,1,1,0.0
MU23EC016,3.0,1,3,1.0
MU24ME017,4.0,0,0,0.0
MU24CS017,5.0,5,3,1.0
MU24IT016,3.0,0,3,2.0
MU25EC023,4.0,4,3,2.0
MU24ME018,6.0,0,2,1.0
MU23CS019,3.0,3,4,5.0
MU23IT026,2.0,0,1,1.0
MU25EC024,2.0,1,0,2.0
MU24ME019,0.0,0,0,3.0
MU25CS026,3.0,3,0,3.0
MU25IT020,2.0,0,1,0.0
MU25EC025,0.0,1,0,0.0
MU25ME019,1.0,0,1,1.0
MU25CS027,1.0,2,0,3.0
MU23IT027,0.0,0,0,2.0
MU25EC026,3.0,1,0,2.0
MU25ME020,5.0,0,3,2.0
MU25CS028,3.0,3,0,0.0
MU25IT021,0.0,1,1,0.0
MU25EC027,3.0,0,2,0.0
MU25ME021,3.0,4,0,1.0
MU23CS020,5.0,3,3,3.0
MU25IT022,2.0,0,0,0.0
MU25EC028,2.0,0,0,0.0
MU23ME025,6.0,1,3,4.0
MU25CS029,2.0,1,1,1.0
MU23IT028,1.0,2,0,0.0
MU23EC017,0.0,1,0,0.0
MU23ME026,2.0,0,1,1.0
MU25CS030,2.0,1,0,1.0
MU23IT029,2.0,0,1,1.0
MU23EC018,3.0,0,0,1.0
MU23ME027,0.0,0,1,1.0
MU25CS031,0.0,0,0,1.0
MU23IT030,2.0,1,1,0.0
MU23EC019,2.0,1,0,1.0
MU23ME028,1.0,0,0,1.0
MU23CS021,,0,0,2.0
MU25IT023,1.0,1,0,1.0
MU23EC020,,0,0,0.0
MU23ME029,0.0,1,0,0.0
MU25CS032,3.0,1,2,0.0
MU23IT031,2.0,0,1,0.0
MU25EC029,4.0,2,1,3.0
MU23ME030,1.0,0,0,1.0
MU23CS022,3.0,1,0,0.0
MU23IT032,4.0,0,0,1.0
MU23EC021,4.0,2,3,2.0
MU24ME020,2.0,1,1,1.0
MU25CS033,1.0,0,2,0.0
MU25IT024,6.0,1,2,1.0
MU25EC030,0.0,0,0,0.0
MU25ME022,2.0,1,1,0.0
MU25CS034,8.0,2,0,4.0
MU25IT025,3.0,0,1,1.0
MU24EC022,3.0,1,1,0.0
MU23ME031,8.0,4,2,0.0
MU24CS018,3.0,1,2,3.0
MU24IT017,0.0,0,0,0.0
MU24EC023,0.0,0,0,0.0
MU25ME023,1.0,0,0,0.0
MU23CS023,8.0,1,0,0.0
MU25IT026,12.0,2,1,3.0
MU25EC031,1.0,2,0,0.0
MU23ME032,1.0,0,0,1.0
MU23CS024,0.0,0,0,1.0
MU25IT027,0.0,0,0,0.0
MU24EC024,,1,0,2.0
MU23ME033,2.0,0,0,2.0
MU24CS019,0.0,0,0,0.0
MU24IT018,8.0,1,1,2.0
MU23EC022,1.0,0,2,0.0
MU24ME021,2.0,1,0,2.0
MU23CS025,2.0,1,1,0.0
MU23IT033,4.0,4,1,2.0
MU24EC025,1.0,1,0,0.0
MU24ME022,2.0,2,1,2.0
MU23CS026,3.0,0,0,2.0
MU24IT019,0.0,0,0,1.0
MU25EC032,4.0,1,6,3.0
MU23ME034,4.0,0,0,1.0
MU25CS035,2.0,0,0,1.0
MU23IT034,0.0,0,0,0.0
MU25EC033,1.0,1,0,1.0
MU24ME023,6.0,1,0,1.0
MU23CS027,1.0,0,0,2.0
MU23IT035,6.0,5,0,1.0
MU24EC026,4.0,2,0,3.0
MU23ME035,4.0,0,0,3.0
MU24CS020,6.0,1,1,0.0
MU23IT036,2.0,1,0,0.0
MU24EC027,0.0,0,0,0.0
MU25ME024,3.0,1,1,1.0
MU24CS021,1.0,1,0,0.0
MU23IT037,4.0,1,2,1.0
MU24EC028,0.0,0,0,0.0
MU24ME024,1.0,0,0,0.0
MU24CS022,1.0,0,1,0.0
MU24IT020,5.0,1,3,2.0
MU24EC029,0.0,0,0,0.0
MU25ME025,1.0,0,0,2.0
MU25CS036,3.0,0,1,2.0
MU25IT028,2.0,0,3,1.0
MU24EC030,5.0,4,1,1.0
MU24ME025,2.0,1,2,1.0
MU23CS028,5.0,1,0,1.0
MU25IT029,2.0,4,0,2.0
MU23EC023,3.0,0,0,0.0
MU24ME026,5.0,0,1,2.0
MU25CS037,1.0,0,0,3.0
MU25IT030,2.0,0,1,1.0
MU24EC031,0.0,0,0,1.0
MU25ME026,8.0,1,0,0.0
MU25CS038,2.0,3,1,4.0
MU24IT021,1.0,0,0,2.0
MU24EC032,2.0,0,1,1.0
MU25ME027,3.0,1,0,1.0
MU24CS023,8.0,0,0,1.0
MU23IT038,3.0,3,0,0.0
MU23EC024,1.0,1,0,1.0
MU24ME027,0.0,0,0,1.0
MU24CS024,5.0,3,1,4.0
MU23IT039,4.0,3,1,3.0
MU24EC033,0.0,0,0,0.0
MU23ME036,3.0,2,0,1.0
MU25CS039,4.0,2,2,1.0
MU24IT022,7.0,1,0,0.0
MU25EC034,7.0,3,2,2.0
MU23ME037,3.0,0,0,1.0
MU25CS040,4.0,1,0,1.0
MU23IT040,1.0,0,0,0.0
MU23EC025,0.0,0,0,1.0
MU24ME028,3.0,4,0,0.0
MU23CS029,1.0,2,0,2.0
MU25IT031,0.0,1,1,0.0
MU24EC034,0.0,0,0,2.0
MU23ME038,2.0,0,0,1.0
MU25CS041,3.0,0,1,0.0
MU24IT023,2.0,0,0,0.0
MU23EC026,4.0,0,0,0.0
MU25ME028,7.0,1,3,0.0
MU24CS025,6.0,3,1,1.0
MU25IT032,9.0,0,2,0.0
MU24EC035,6.0,2,3,1.0
MU24ME029,0.0,1,1,0.0
MU25CS042,4.0,3,1,0.0
MU25IT033,4.0,4,2,1.0
MU24EC036,4.0,2,1,5.0
MU25ME029,1.0,0,0,1.0
MU24CS026,4.0,1,0,0.0
MU24IT024,3.0,3,1,1.0
MU24EC037,5.0,3,0,1.0
MU24ME030,,0,0,2.0
MU24CS027,1.0,1,0,0.0
MU24IT025,1.0,0,0,1.0
MU24EC038,6.0,2,1,6.0
MU23ME039,1.0,1,0,0.0
MU23CS030,6.0,0,0,0.0
MU23IT041,3.0,0,1,2.0
MU25EC035,2.0,0,0,2.0
MU23ME040,3.0,3,0,0.0
MU24CS028,7.0,1,1,7.0
MU23IT042,0.0,0,0,0.0
MU24EC039,4.0,1,0,3.0
MU25ME030,0.0,1,0,1.0
MU25CS043,7.0,1,0,1.0
MU25IT034,1.0,1,0,0.0
MU24EC040,5.0,0,1,1.0
MU25ME031,5.0,4,0,0.0
MU24CS029,5.0,1,0,2.0
MU23IT043,4.0,4,0,1.0
MU25EC036,2.0,0,0,1.0
MU24ME031,8.0,1,1,1.0
MU24CS030,4.0,0,0,1.0
MU25IT035,5.0,3,1,0.0
MU25EC037,2.0,0,0,0.0
MU25ME032,1.0,0,1,0.0
MU23CS031,1.0,0,2,0.0
MU23IT044,6.0,1,0,2.0
MU25EC038,3.0,2,1,
MU25ME033,4.0,0,0,4.0
MU23CS032,0.0,0,0,1.0
MU24IT026,4.0,0,2,3.0
MU24EC041,3.0,0,2,0.0
MU24ME032,0.0,1,0,3.0
MU23CS033,4.0,1,3,2.0
MU25IT036,1.0,0,0,0.0
MU23EC027,0.0,0,0,0.0
MU23ME041,4.0,1,1,2.0
MU25CS044,1.0,0,0,0.0
MU25IT037,2.0,1,0,0.0
MU23EC028,4.0,1,1,0.0
MU25ME034,3.0,3,0,2.0
MU24CS031,5.0,1,0,2.0
MU23IT045,2.0,2,0,2.0
MU23EC029,0.0,1,0,2.0
MU23ME042,7.0,1,0,2.0
MU23CS034,7.0,0,1,2.0
MU23IT046,1.0,0,0,1.0
MU25EC039,3.0,3,0,1.0
MU25ME035,1.0,0,0,0.0
MU24CS032,5.0,2,1,1.0
MU24IT027,0.0,0,0,1.0
MU25EC040,4.0,2,1,0.0
MU24ME033,1.0,0,2,0.0
MU23CS035,9.0,3,2,1.0
MU25IT038,2.0,0,0,1.0
MU25EC041,3.0,1,0,0.0
MU24ME034,9.0,1,0,1.0
MU24CS033,4.0,3,1,2.0
MU25IT039,0.0,0,0,0.0
MU25EC042,7.0,1,1,3.0
MU23ME043,2.0,2,0,1.0
MU23CS036,3.0,2,0,0.0
MU25IT040,3.0,1,0,1.0
MU23EC030,3.0,0,0,1.0
MU25ME036,0.0,1,0,0.0
MU24CS034,3.0,0,0,1.0
MU24IT028,4.0,2,0,0.0
MU24EC042,2.0,2,1,1.0
MU23ME044,0.0,0,0,2.0
MU25CS045,5.0,2,0,1.0
MU24IT029,2.0,0,0,4.0
MU25EC043,2.0,0,0,1.0
MU25ME037,1.0,3,0,1.0
MU25CS046,1.0,0,0,0.0
MU25IT041,0.0,0,0,
MU24EC043,2.0,1,0,0.0
MU25ME038,,1,0,0.0
MU25CS047,0.0,0,1,0.0
MU24IT030,4.0,1,1,2.0
MU23EC031,5.0,0,0,1.0
MU23ME045,7.0,4,1,2.0
MU23CS037,2.0,0,2,1.0
MU25IT042,,2,0,3.0
MU23EC032,2.0,2,0,
MU25ME039,2.0,0,0,0.0
MU24CS035,1.0,0,1,0.0
MU24IT031,3.0,0,0,0.0
MU24EC044,2.0,0,1,1.0
MU25ME040,6.0,1,1,4.0
MU23CS038,2.0,0,0,2.0
MU23IT047,4.0,5,0,0.0
MU23EC033,2.0,0,0,3.0
MU24ME035,6.0,1,0,4.0
MU25CS048,1.0,0,0,0.0
MU24IT032,4.0,1,0,1.0
MU25EC044,4.0,2,0,1.0
MU23ME046,1.0,0,0,0.0
MU23CS039,2.0,1,0,0.0
MU23IT048,2.0,3,1,1.0
MU23EC034,3.0,2,0,3.0
MU23ME047,0.0,2,1,0.0
MU25CS049,6.0,2,4,3.0
MU24IT033,2.0,1,2,1.0
MU25EC045,1.0,2,0,0.0
MU23ME048,0.0,0,0,0.0
MU24CS036,2.0,2,1,2.0
MU24IT034,0.0,1,1,0.0
MU23EC035,0.0,0,0,0.0
MU25ME041,0.0,0,0,0.0
MU23CS040,0.0,1,0,0.0
MU24IT035,3.0,0,0,0.0
MU24EC045,3.0,1,1,2.0
MU25ME042,0.0,1,2,1.0
MU23IT026,2.0,0,1,1.0
MU23CS036,3.0,2,0,0.0
MU23ME008,4.0,0,0,4.0
