student_id,satisfaction_score,faculty_rating
MU23CS001,54.8,69.8
MU24IT001,,70.0
MU23EC001,55.8,56.0
MU23ME001,42.6,55.0
MU25CS001,59.5,50.6
MU25IT001,85.0,81.9
MU25EC001,73.3,89.0
MU24ME001,51.9,58.5
MU25CS002,51.6,56.9
MU24EC001,82.3,71.4
MU24ME002,59.5,77.7
MU25CS003,,71.3
MU24IT002,69.6,64.0
MU25EC002,70.9,69.1
MU25ME001,57.7,
MU25CS004,59.4,62.8
MU23IT001,62.0,81.8
MU24EC002,72.1,74.2
MU23ME002,64.3,73.7
MU25CS005,83.9,78.0
MU25IT003,70.1,54.4
MU25EC003,72.9,60.2
MU24ME003,47.4,74.5
MU24CS001,69.9,85.0
MU24IT003,,86.0
MU24EC003,89.6,75.1
MU24ME004,,60.3
MU24CS002,60.7,68.1
MU23IT002,61.7,66.6
MU24EC004,92.0,84.1
MU24ME005,,70.9
MU23CS002,47.2,66.1
MU23IT003,93.3,78.9
MU25EC004,72.9,80.7
MU25ME002,75.2,80.2
MU24CS003,73.6,59.8
MU25IT004,56.8,63.9
MU24EC005,85.1,84.9
MU23ME003,,
MU24CS004,78.3,89.7
MU24IT004,62.0,55.3
MU23EC002,57.2,67.7
MU24ME006,69.3,81.3
MU23CS003,70.0,71.4
MU23IT004,45.1,51.0
MU24EC006,58.4,74.2
MU23ME004,68.1,68.4
MU25CS006,56.1,62.9
MU23IT005,78.8,71.1
MU25EC005,59.5,76.6
MU23ME005,91.0,70.2
MU23CS004,65.6,92.9
MU25IT005,58.2,
MU24EC007,35.6,66.7
MU25ME003,78.6,65.9
MU24CS005,62.7,
MU23IT006,73.9,56.8
MU25EC006,77.8,73.5
MU23ME006,66.9,62.6
MU25IT006,51.0,62.3
MU23EC003,60.8,80.0
MU23ME007,74.6,65.8
MU24CS006,81.8,72.4
MU23IT007,,86.6
MU24EC008,75.3,71.7
MU25ME004,68.8,56.1
MU24CS007,,58.0
MU25IT007,96.0,66.8
MU23EC004,,63.8
MU24ME007,75.0,66.4
MU23CS005,,74.9
MU25IT008,75.4,87.1
MU25EC007,56.3,62.8
MU23ME008,67.4,59.1
MU24CS008,39.4,84.4
MU25IT009,72.1,85.6
MU24ME008,65.5,67.9
MU23CS006,48.7,72.2
MU24IT005,68.3,63.8
MU25EC008,71.9,52.9
MU23ME009,97.3,76.6
MU23CS007,60.7,83.2
MU23IT008,75.9,87.4
MU23EC005,40.0,62.9
MU23ME010,67.9,67.1
MU25CS008,42.2,71.0
MU24IT006,60.4,71.6
MU23EC006,52.8,70.2
MU25ME005,57.0,68.0
MU24CS009,49.9,72.9
MU23IT009,60.4,74.7
MU25EC009,66.7,78.5
MU25ME006,90.5,64.4
MU24CS010,65.9,66.8
MU23IT010,82.3,67.2
MU24EC010,43.3,66.0
MU24ME009,61.2,50.9
MU24CS011,67.0,68.3
MU25IT010,69.5,80.1
MU23EC007,49.8,64.0
MU23ME011,55.8,
MU23CS008,50.8,66.3
MU24IT007,62.8,82.8
MU23ME012,56.8,59.0
MU25CS009,61.1,74.0
MU24EC011,46.3,61.1
MU25ME007,,82.1
MU25CS010,76.4,75.9
MU25IT011,68.0,47.2
MU24EC012,74.5,70.7
MU23ME013,76.6,
MU23CS009,59.9,66.3
MU23IT012,54.1,69.9
MU25EC011,80.9,72.0
MU25ME008,55.5,65.7
MU25CS011,64.3,74.9
MU25IT012,79.3,65.7
MU24EC013,89.0,73.9
MU25ME009,87.0,
MU24CS012,52.8,59.6
MU23IT013,98.1,55.7
MU24EC014,98.0,93.6
MU25ME010,58.9,71.7
MU23CS010,72.1,63.7
MU25IT013,84.6,72.9
MU25EC012,61.9,70.4
MU24ME010,64.7,63.3
MU23CS011,57.3,78.2
MU23IT014,42.1,61.5
MU23EC008,78.7,68.4
MU24ME011,60.8,50.1
MU25CS012,54.1,81.9
MU23IT015,64.9,70.1
MU23EC009,36.8,68.3
MU23ME014,77.3,77.0
MU25CS013,,71.0
MU24IT008,58.3,64.2
MU25EC013,55.6,73.3
MU25ME011,58.0,61.7
MU25CS014,,56.7
MU23IT016,69.4,72.4
MU23EC010,55.1,58.5
MU23ME015,76.4,81.2
MU24CS013,62.3,71.0
MU25IT014,54.2,63.4
MU25EC014,69.9,68.7
MU23ME016,72.3,67.2
MU23CS012,66.4,72.3
MU23IT017,62.2,72.7
MU25EC015,68.9,63.1
MU25ME012,69.3,49.6
MU23CS013,62.7,50.6
MU25IT015,49.3,65.8
MU24EC015,52.5,74.6
MU23ME017,70.4,66.6
MU25IT016,47.9,73.4
MU24EC016,51.4,77.8
MU24ME012,51.6,75.7
MU25CS015,44.5,75.1
MU24IT009,68.0,60.3
MU25EC016,65.8,75.1
MU24ME013,69.6,79.3
MU23CS015,52.0,62.4
MU23IT018,78.6,68.2
MU25EC017,44.7,54.2
MU25ME013,88.3,
MU25CS016,76.0,61.2
MU24IT010,64.2,52.2
MU23EC011,49.8,65.6
MU23ME018,71.9,52.2
MU25CS017,55.4,57.5
MU23IT019,60.1,89.6
MU24EC017,72.1,68.5
MU23ME019,32.0,51.0
MU23IT020,62.0,62.3
MU24EC018,64.8,
MU25ME014,65.5,68.3
MU25CS019,,69.9
MU24IT011,,67.9
MU25EC018,66.1,92.5
MU23ME020,62.1,69.4
MU25CS020,75.2,69.0
MU23IT021,65.1,63.1
MU25EC019,67.2,62.0
MU23ME021,80.2,64.7
MU25CS021,57.8,65.1
MU23IT022,66.6,82.6
MU23EC012,84.6,69.0
MU25ME015,71.5,55.5
MU25CS022,84.5,65.3
MU23EC013,77.8,73.2
MU25ME016,55.8,
MU24CS014,62.4,79.3
MU23IT023,53.8,59.5
MU23EC014,77.2,76.2
MU25ME017,79.4,61.7
MU24IT012,59.8,74.0
MU23EC015,76.8,67.1
MU24ME014,46.9,79.0
MU24CS015,77.3,75.8
MU25EC020,53.7,65.8
MU24ME015,61.8,86.2
MU23CS016,55.7,80.0
MU25IT018,52.8,73.1
MU25EC021,63.7,65.4
MU23ME022,76.9,81.6
MU25CS024,46.8,66.4
MU24IT014,48.9,
MU24EC019,55.1,74.8
MU24ME016,86.0,76.5
MU23CS017,,70.3
MU23IT024,52.8,84.4
MU24EC020,67.4,83.3
MU23ME023,73.9,79.6
MU24CS016,69.5,83.5
MU25IT019,55.2,68.7
MU24EC021,84.6,77.6
MU23ME024,85.5,67.3
MU23CS018,,80.7
MU24IT015,36.9,63.7
MU25EC022,,68.8
MU25ME018,55.2,89.4
MU25CS025,84.1,67.1
MU23IT025,60.7,
MU23EC016,58.3,65.2
MU24ME017,56.6,72.2
MU24CS017,75.8,50.2
MU24IT016,89.5,91.3
MU25EC023,63.0,60.8
MU24ME018,82.5,73.2
MU23CS019,79.4,63.7
MU23IT026,52.6,76.1
MU25EC024,,58.9
MU24ME019,87.1,59.3
MU25CS026,55.9,71.6
MU25IT020,50.4,58.2
MU25EC025,68.1,63.8
MU25ME019,56.8,68.6
MU25CS027,54.9,80.9
MU23IT027,67.3,62.8
MU25EC026,76.1,59.9
MU25ME020,75.1,69.8
MU25CS028,60.5,75.7
MU25IT021,52.3,85.6
MU25EC027,62.4,56.4
MU23CS020,98.2,85.0
MU25IT022,74.5,86.1
MU25EC028,53.2,55.4
MU23ME025,81.7,65.1
MU25CS029,84.1,75.3
MU23IT028,81.8,58.7
MU23EC017,85.1,64.1
MU23ME026,47.5,75.1
MU25CS030,68.9,85.4
MU23IT029,70.7,60.7
MU23EC018,57.3,77.9
MU23ME027,80.1,66.2
MU25CS031,84.0,71.9
MU23IT030,55.2,
MU23EC019,65.8,76.4
MU23ME028,66.1,73.2
MU23CS021,65.3,83.6
MU25IT023,59.8,73.7
MU23EC020,74.0,74.3
MU23ME029,52.3,69.6
MU25CS032,,80.8
MU23IT031,42.8,57.9
MU25EC029,59.3,61.4
MU23ME030,,60.6
MU23CS022,64.7,69.3
MU23IT032,46.6,53.3
MU23EC021,57.5,62.1
MU24ME020,61.2,62.6
MU25CS033,52.6,
MU25IT024,,62.4
MU25EC030,46.5,61.1
MU25ME022,71.2,70.7
MU25CS034,70.2,
MU25IT025,59.5,70.5
MU24EC022,53.3,64.7
MU23ME031,86.1,
MU24CS018,66.3,75.9
MU24IT017,57.3,67.2
MU24EC023,38.3,60.6
MU25ME023,60.8,70.0
MU23CS023,56.1,58.0
MU25IT026,58.0,63.3
MU25EC031,61.6,81.5
MU23ME032,78.1,84.2
MU23CS024,46.3,
MU25IT027,51.6,53.9
MU24EC024,52.6,
MU23ME033,52.4,66.3
MU24CS019,43.0,60.0
MU24IT018,64.8,57.3
MU23EC022,55.6,59.1
MU24ME021,62.8,86.0
MU23CS025,36.3,73.6
MU23IT033,68.4,76.2
MU24EC025,,65.6
MU24ME022,53.9,56.1
MU23CS026,64.5,56.9
MU24IT019,60.3,56.8
MU25EC032,65.2,68.6
MU25CS035,53.5,
MU23IT034,63.5,69.1
MU25EC033,69.6,86.4
MU24ME023,78.7,90.3
MU23CS027,71.5,73.1
MU23IT035,72.5,72.3
MU24EC026,64.5,79.4
MU23ME035,81.1,82.6
MU24CS020,89.3,48.9
MU24EC027,52.1,62.9
MU25ME024,76.3,67.4
MU24CS021,62.7,63.0
MU23IT037,77.2,74.6
MU24EC028,59.0,
MU24ME024,54.7,66.6
MU24CS022,68.1,
MU24IT020,77.9,81.7
MU24EC029,37.3,67.9
MU25ME025,54.7,73.0
MU25CS036,55.7,76.8
MU25IT028,77.3,81.2
MU24ME025,76.0,75.6
MU23CS028,67.8,
MU25IT029,79.6,83.7
MU23EC023,62.0,92.3
MU24ME026,70.7,85.5
MU25CS037,62.5,66.6
MU25IT030,46.8,61.6
MU24EC031,44.9,63.4
MU25ME026,58.2,68.8
MU25CS038,90.4,80.4
MU24IT021,75.2,
MU24EC032,41.2,79.9
MU25ME027,75.7,53.0
MU24CS023,67.5,54.4
MU23IT038,68.0,62.4
MU23EC024,58.5,58.8
MU24ME027,76.3,59.6
MU24CS024,76.0,69.5
MU23IT039,67.2,74.4
MU24EC033,49.5,67.7
MU23ME036,76.3,70.2
MU25CS039,71.4,66.1
MU24IT022,71.5,69.4
MU25EC034,70.7,80.9
MU23ME037,56.0,
MU25CS040,54.0,71.8
MU23IT040,50.6,70.4
MU23EC025,47.6,62.8
MU24ME028,40.7,68.2
MU23CS029,55.8,
MU25IT031,40.0,80.8
MU24EC034,48.3,50.6
MU23ME038,71.6,67.9
MU25CS041,56.5,76.2
MU24IT023,70.8,70.5
MU23EC026,95.6,
MU25ME028,91.4,63.2
MU24CS025,78.2,83.6
MU25IT032,,65.2
MU24EC035,65.0,58.1
MU24ME029,50.0,82.7
MU25CS042,72.5,78.7
MU25IT033,80.0,71.4
MU24EC036,88.3,64.2
MU25ME029,55.0,71.1
MU24CS026,60.2,76.6
MU24IT024,79.1,58.3
MU24EC037,,50.5
MU24ME030,,61.2
MU24CS027,,75.0
MU24IT025,66.4,68.9
MU24EC038,78.2,81.7
MU23ME039,58.2,78.7
MU23CS030,66.5,67.9
MU23IT041,76.4,74.1
MU25EC035,70.4,72.9
MU23ME040,57.9,70.4
MU24CS028,89.3,62.9
MU23IT042,44.3,59.3
MU24EC039,70.8,59.2
MU25ME030,46.3,
MU25CS043,85.7,73.9
MU25IT034,74.9,57.0
MU24EC040,78.5,67.7
MU25ME031,82.6,61.2
MU24CS029,63.0,59.6
MU23IT043,65.9,63.3
MU25EC036,82.6,67.0
MU24ME031,72.2,75.1
MU24CS030,,67.5
MU25IT035,70.9,68.9
MU25EC037,55.9,62.4
MU25ME032,76.6,65.3
MU23CS031,65.6,84.1
MU23IT044,73.6,60.9
MU25EC038,83.4,80.9
MU25ME033,,90.0
MU23CS032,50.4,77.1
MU24IT026,,67.2
MU24EC041,41.4,82.5
MU24ME032,74.5,67.1
MU23CS033,61.7,70.5
MU25IT036,65.5,57.2
MU23EC027,45.8,56.9
MU23ME041,73.1,59.3
MU25CS044,53.0,80.0
MU25IT037,56.4,65.8
MU23EC028,,71.6
MU25ME034,80.2,55.5
MU24CS031,70.3,74.4
MU23IT045,60.4,63.7
MU23EC029,51.1,60.1
MU23ME042,80.6,72.9
MU23CS034,64.4,80.6
MU23IT046,,71.7
MU25EC039,66.1,77.4
MU25ME035,53.3,69.3
MU24CS032,71.3,67.0
MU24IT027,65.6,83.0
MU25EC040,77.7,55.1
MU24ME033,67.0,71.8
MU23CS035,,76.4
MU25IT038,49.0,61.0
MU25EC041,46.4,
MU24ME034,,59.1
MU24CS033,76.3,52.9
MU25IT039,65.0,62.3
MU25EC042,94.5,91.5
MU23ME043,48.4,67.8
MU23CS036,,80.3
MU25IT040,63.8,
MU23EC030,42.0,84.4
MU25ME036,54.5,56.2
MU24CS034,67.9,68.2
MU24IT028,66.9,57.8
MU24EC042,75.3,63.5
MU23ME044,52.9,75.6
MU25CS045,50.8,71.2
MU24IT029,67.2,79.9
MU25EC043,,59.6
MU25ME037,74.0,77.6
MU25CS046,65.7,56.0
MU24EC043,51.1,
MU25ME038,61.1,74.6
MU25CS047,57.5,
MU24IT030,66.1,71.0
MU23EC031,56.4,76.6
MU23ME045,76.6,84.7
MU23CS037,80.4,61.7
MU25IT042,82.0,83.0
MU23EC032,54.1,93.1
MU25ME039,78.5,70.7
MU24CS035,73.2,54.0
MU24IT031,84.5,60.5
MU24EC044,68.5,73.6
MU25ME040,71.1,96.0
MU23CS038,45.7,65.2
MU23IT047,61.4,60.7
MU23EC033,65.2,69.8
MU24ME035,70.4,53.9
MU25CS048,66.7,72.6
MU24IT032,55.2,67.2
MU25EC044,68.7,90.6
MU23ME046,51.7,
MU23CS039,56.6,
MU23IT048,80.5,65.1
MU23EC034,63.5,57.3
MU23ME047,63.9,58.6
MU25CS049,88.5,66.8
MU24IT033,73.6,79.4
MU25EC045,74.6,70.1
MU23ME048,41.7,76.6
MU24CS036,78.3,70.5
MU24IT034,64.1,64.5
MU23EC035,40.6,48.9
MU25ME041,61.4,67.2
MU23CS040,56.3,60.8
MU24IT035,62.2,69.1
MU24EC045,51.0,58.8
MU25ME042,80.9,80.8
