student_id,logins_per_week,assignment_completion_pct
MU23CS001,,91.0
MU24IT001,9.1,98.1
MU23EC001,1.6,64.6
MU23ME001,2.8,54.2
mu25cs001 ,0.7,56.6
MU25IT001,5.7,100.0
MU25EC001,4.6,68.4
mu24me001 ,3.6,73.0
MU25CS002,,65.7
MU25IT002,1.9,76.1
MU24EC001,7.0,92.0
MU24ME002,2.3,73.5
MU25CS003,4.0,72.4
MU24IT002,3.6,68.1
MU25EC002,8.4,75.3
mu25me001 ,2.0,45.6
MU25CS004,5.7,88.9
MU23IT001,6.2,76.9
MU24EC002,1.8,63.3
MU23ME002,1.6,57.6
MU25CS005,5.9,80.3
MU25IT003,2.5,58.0
MU25EC003,5.1,83.1
MU24ME003,0.0,51.5
MU24CS001,5.3,79.6
MU24IT003,4.1,75.7
MU24EC003,2.8,86.9
MU24ME004,2.7,60.9
MU24CS002,6.7,73.1
MU23IT002,2.2,57.1
MU24EC004,6.8,73.8
MU24ME005,7.5,71.9
MU23CS002,1.0,31.0
MU23IT003,12.9,97.7
MU25EC004,8.4,90.3
MU25ME002,1.5,49.0
MU24CS003,5.7,
MU25IT004,4.0,64.2
MU24EC005,5.9,70.4
MU23ME003,3.7,71.8
MU24CS004,8.6,94.6
MU24IT004,1.9,53.1
MU23EC002,6.5,87.2
MU24ME006,5.5,73.9
MU23CS003,4.9,74.7
MU23IT004,0.0,50.2
MU24EC006,0.8,58.1
MU23ME004,3.9,90.1
MU25CS006,0.2,57.9
MU23IT005,9.7,96.6
MU25EC005,8.0,94.4
MU23ME005,8.5,90.8
MU23CS004,3.6,70.8
MU25IT005,7.3,78.5
MU24EC007,12.0,98.0
MU25ME003,3.6,67.1
MU24CS005,4.1,73.1
MU23IT006,7.1,91.6
mu25ec006 ,4.7,73.8
MU23ME006,4.7,63.6
MU25IT006,2.1,60.7
MU23EC003,6.9,100.0
MU23ME007,8.9,
MU24CS006,7.1,74.4
MU23IT007,2.9,72.8
MU24EC008,4.3,53.2
MU25ME004,2.3,73.6
MU24CS007,3.9,73.7
MU25IT007,3.9,
MU23EC004,3.9,63.7
MU24ME007,2.4,74.4
MU23CS005,5.7,84.3
MU25IT008,1.3,33.8
MU25EC007,1.6,62.2
MU23ME008,5.5,80.5
MU24CS008,4.4,74.7
MU25IT009,6.6,90.7
MU24ME008,0.8,76.0
mu23cs006 ,1.7,
MU24IT005,0.0,48.4
MU25EC008,2.8,84.6
MU23ME009,4.2,77.9
MU23CS007,8.5,100.0
MU23IT008,2.8,75.2
MU23EC005,4.1,58.3
MU23ME010,3.9,83.7
MU25CS008,0.0,41.9
MU24IT006,3.6,82.8
MU23EC006,4.0,72.4
MU25ME005,3.8,77.0
MU24CS009,1.0,61.4
MU23IT009,4.9,76.9
MU25EC009,4.0,72.9
MU25ME006,10.4,100.0
MU24CS010,4.8,74.2
MU23IT010,7.6,89.9
MU24EC010,2.9,57.3
MU24ME009,2.0,61.3
MU24CS011,0.2,60.5
MU25IT010,3.1,72.7
MU23EC007,2.6,59.5
MU23ME011,2.2,45.7
MU23CS008,0.5,58.9
MU24IT007,5.0,89.2
MU25EC010,1.8,42.1
MU23ME012,5.8,81.3
MU25CS009,2.0,70.6
MU23IT011,1.1,59.5
MU24EC011,2.2,58.4
MU25ME007,1.5,79.7
MU25CS010,,59.9
MU25IT011,4.8,73.4
MU24EC012,2.9,67.4
MU23ME013,3.5,75.2
MU23CS009,2.4,63.4
MU23IT012,8.5,86.9
MU25EC011,11.6,100.0
MU25ME008,5.0,87.8
MU25CS011,6.1,83.2
MU25IT012,5.8,71.3
MU24EC013,,
MU25ME009,4.4,73.2
MU24CS012,4.6,61.4
MU23IT013,7.2,97.8
MU24EC014,9.6,100.0
MU25ME010,5.0,69.5
MU23CS010,3.1,66.4
MU25IT013,5.8,
MU25EC012,5.2,71.1
MU24ME010,5.0,79.0
MU23CS011,3.5,60.8
MU23IT014,5.1,76.6
MU23EC008,9.2,100.0
MU24ME011,6.3,77.9
MU25CS012,3.1,75.3
MU23IT015,3.2,69.9
MU23EC009,3.6,71.3
MU23ME014,7.7,92.4
MU25CS013,0.8,60.5
MU24IT008,0.0,56.3
MU25EC013,1.0,67.9
MU25ME011,5.6,89.5
MU25CS014,2.2,61.0
MU23IT016,7.9,71.1
MU23EC010,3.5,62.6
mu23me015 ,3.8,70.4
MU24CS013,3.5,60.0
MU25IT014,6.3,73.7
MU25EC014,2.1,54.4
MU23ME016,,87.2
MU23CS012,5.9,92.1
mu23it017 ,5.9,59.6
MU25EC015,1.5,55.3
MU25ME012,0.4,54.0
MU23CS013,,70.8
MU25IT015,5.9,75.6
MU24EC015,4.9,72.6
MU23ME017,6.8,86.6
MU25IT016,3.4,64.7
MU24EC016,2.0,62.9
MU24ME012,2.8,66.0
MU25CS015,0.0,38.6
MU24IT009,6.0,80.2
MU25EC016,7.6,100.0
MU24ME013,1.0,50.0
mu23cs015 ,0.0,32.2
MU23IT018,1.5,73.0
MU25EC017,5.0,74.4
MU25ME013,7.7,79.7
MU25CS016,3.4,74.8
MU24IT010,6.6,84.7
MU23EC011,0.6,65.1
MU23ME018,,100.0
MU25CS017,3.5,64.7
MU23IT019,1.3,71.8
MU24EC017,5.2,81.7
MU23ME019,0.0,41.9
mu23it020 ,4.7,65.4
MU24EC018,2.5,
MU25ME014,4.2,87.2
MU25CS019,1.2,63.5
MU24IT011,11.2,100.0
MU25EC018,,93.9
MU23ME020,0.6,55.0
MU25CS020,3.9,
MU23IT021,3.4,60.0
MU25EC019,1.6,61.9
MU23ME021,10.4,93.5
MU25CS021,5.2,60.6
MU23IT022,1.3,73.2
MU23EC012,5.9,85.4
MU25ME015,6.5,91.8
MU25CS022,9.5,100.0
MU25IT017,6.6,95.0
MU23EC013,5.8,76.5
MU25ME016,1.2,45.0
MU24CS014,5.0,
MU23IT023,4.1,72.2
MU23EC014,3.6,64.2
MU25ME017,3.1,72.4
MU25CS023,0.9,61.6
MU24IT012,10.2,100.0
MU23EC015,4.5,88.9
MU24ME014,4.0,75.4
MU24CS015,4.3,
MU25EC020,5.3,65.3
mu24me015 ,4.0,65.3
MU23CS016,3.5,82.3
MU25IT018,0.5,57.4
MU25EC021,4.3,77.7
MU23ME022,6.2,88.0
MU25CS024,0.0,53.6
MU24IT014,2.6,51.8
MU24EC019,2.4,74.8
MU24ME016,11.0,95.5
MU23CS017,6.3,66.3
MU23IT024,5.8,80.4
MU24EC020,4.4,62.4
MU23ME023,4.9,93.1
MU24CS016,5.4,67.7
MU25IT019,3.0,
MU24EC021,5.9,99.9
MU23ME024,1.8,55.8
MU23CS018,4.9,78.5
MU24IT015,0.0,20.9
MU25EC022,2.7,61.2
MU25ME018,6.5,98.2
MU25CS025,6.5,77.5
MU23IT025,0.6,64.5
MU23EC016,6.7,
MU24ME017,,76.8
MU24CS017,4.2,66.5
MU24IT016,9.3,100.0
MU25EC023,5.0,85.2
MU24ME018,7.8,82.7
MU23CS019,9.4,92.4
MU23IT026,4.8,64.3
MU25EC024,2.8,59.0
MU24ME019,6.2,84.0
MU25CS026,4.7,78.4
MU25IT020,1.9,59.1
MU25EC025,0.9,50.9
MU25ME019,1.3,46.9
MU25CS027,4.1,67.2
MU23IT027,1.3,68.9
MU25EC026,3.3,60.8
MU25ME020,9.2,95.0
MU25CS028,6.0,73.5
MU25IT021,2.5,70.2
MU25EC027,1.7,
mu25me021 ,3.2,57.1
MU23CS020,5.2,97.1
MU25IT022,3.7,51.6
MU25EC028,2.5,67.2
MU23ME025,8.6,78.1
MU25CS029,3.3,87.1
MU23IT028,3.7,59.7
MU23EC017,5.9,90.5
MU23ME026,,68.7
MU25CS030,6.2,90.6
MU23IT029,5.3,76.9
MU23EC018,,71.8
MU23ME027,5.8,79.2
MU25CS031,4.1,64.1
MU23IT030,1.9,75.8
MU23EC019,3.4,73.2
MU23ME028,6.5,100.0
MU23CS021,7.7,75.2
MU25IT023,3.0,73.8
MU23EC020,7.3,62.9
MU23ME029,6.4,73.6
MU25CS032,8.0,95.9
MU23IT031,2.1,52.8
MU25EC029,5.7,79.3
MU23ME030,5.7,87.7
MU23CS022,3.6,68.0
MU23IT032,3.2,54.0
MU23EC021,5.8,79.9
MU24ME020,6.0,82.8
MU25CS033,4.4,68.0
MU25IT024,5.8,82.8
MU25EC030,4.1,65.6
MU25ME022,1.9,73.5
MU25CS034,6.3,89.3
MU25IT025,5.2,74.3
MU24EC022,3.4,47.7
MU23ME031,8.0,88.7
MU24CS018,4.6,86.2
MU24IT017,0.0,50.3
MU24EC023,2.1,45.3
MU25ME023,2.6,69.2
MU23CS023,1.7,64.9
MU25IT026,8.3,78.7
MU25EC031,4.9,80.8
MU23ME032,5.7,80.6
MU23CS024,0.7,65.0
MU25IT027,3.3,66.5
MU24EC024,,67.2
MU23ME033,,72.6
MU24CS019,3.8,74.9
MU24IT018,3.3,69.1
MU23EC022,3.4,54.5
MU24ME021,4.2,93.6
MU23CS025,4.1,70.2
MU23IT033,6.4,90.1
MU24EC025,5.6,76.2
MU24ME022,7.3,75.3
MU23CS026,7.6,90.0
MU24IT019,2.3,78.4
MU25EC032,6.4,73.5
mu25cs035 ,3.0,77.3
MU23IT034,1.0,63.6
MU25EC033,2.9,
MU24ME023,5.4,86.7
MU23CS027,0.8,64.0
MU23IT035,,97.8
MU24EC026,7.1,87.0
MU23ME035,5.1,73.7
MU24CS020,3.1,73.7
MU23IT036,1.6,49.8
MU24EC027,2.1,46.1
MU25ME024,2.7,64.1
MU24CS021,4.1,66.8
MU23IT037,4.7,88.1
MU24EC028,2.1,48.1
MU24ME024,4.6,79.5
MU24CS022,4.6,62.2
MU24IT020,7.8,91.0
MU24EC029,0.3,43.0
MU25ME025,7.3,85.3
MU25CS036,5.8,82.5
MU25IT028,4.3,66.7
MU24ME025,7.6,81.3
MU23CS028,1.7,57.9
MU25IT029,8.2,87.6
mu23ec023 ,3.7,84.2
MU24ME026,5.4,78.9
MU25CS037,1.7,66.6
MU25IT030,6.1,78.3
mu24ec031 ,3.8,69.3
MU25ME026,4.7,70.7
MU25CS038,7.0,88.3
MU24IT021,1.8,50.2
MU24EC032,4.5,77.1
mu25me027 ,0.7,33.8
MU24CS023,2.9,64.2
MU23IT038,5.0,68.7
MU23EC024,2.3,57.9
mu24me027 ,4.2,79.5
MU24CS024,11.2,100.0
MU23IT039,6.5,100.0
MU24EC033,0.0,47.9
MU23ME036,6.9,84.3
MU25CS039,,93.7
MU24IT022,,82.0
MU25EC034,6.2,100.0
MU23ME037,4.8,65.9
MU25CS040,1.0,75.7
MU23IT040,0.8,
MU23EC025,0.0,41.5
MU24ME028,3.8,78.8
MU23CS029,,57.7
MU25IT031,6.8,73.7
MU24EC034,2.0,52.2
MU23ME038,5.1,54.9
MU25CS041,3.6,79.7
MU24IT023,5.7,74.2
MU23EC026,2.8,64.5
MU25ME028,5.5,86.3
MU24CS025,9.7,87.4
MU25IT032,5.6,92.0
MU24EC035,4.0,89.7
MU24ME029,2.2,88.1
MU25CS042,8.0,89.5
MU25IT033,8.7,99.6
MU24EC036,8.3,81.6
MU25ME029,6.3,69.9
MU24CS026,0.0,57.2
MU24IT024,8.3,100.0
MU24EC037,2.6,54.9
MU24ME030,3.0,73.8
MU24CS027,8.4,82.2
MU24IT025,8.7,72.4
MU24EC038,6.9,89.7
MU23ME039,5.0,73.2
MU23CS030,3.0,72.1
MU23IT041,5.9,67.0
MU25EC035,4.1,79.7
MU23ME040,4.2,74.2
MU24CS028,9.6,100.0
MU23IT042,3.3,68.0
MU24EC039,4.5,75.8
MU25ME030,0.0,62.0
MU25CS043,9.1,98.0
MU25IT034,5.1,83.5
MU24EC040,8.0,90.3
MU25ME031,4.5,66.2
MU24CS029,4.4,
MU23IT043,2.9,72.3
MU25EC036,6.2,73.1
MU24ME031,2.8,63.2
MU24CS030,4.6,65.6
MU25IT035,2.5,52.3
MU25EC037,1.8,55.0
MU25ME032,0.5,62.9
MU23CS031,2.2,56.1
MU23IT044,8.7,93.6
MU25EC038,2.7,62.9
MU25ME033,8.1,100.0
MU23CS032,5.4,76.9
mu24it026 ,7.1,95.8
MU24EC041,1.3,64.0
MU24ME032,3.6,59.2
MU23CS033,7.6,84.5
MU25IT036,0.0,44.5
MU23EC027,0.0,27.9
MU23ME041,2.9,70.1
MU25CS044,4.2,67.4
MU25IT037,6.8,79.0
MU23EC028,3.8,76.4
MU25ME034,6.5,89.7
MU24CS031,3.0,80.7
MU23IT045,3.0,
MU23EC029,3.2,
MU23ME042,7.3,100.0
MU23CS034,6.2,84.3
MU23IT046,2.2,55.7
MU25EC039,4.4,63.5
MU25ME035,1.8,83.6
MU24CS032,6.9,80.4
MU24IT027,2.3,55.3
MU25EC040,1.0,48.0
MU24ME033,,33.1
MU23CS035,7.3,74.1
MU25IT038,5.6,81.4
MU25EC041,3.3,64.9
MU24ME034,3.6,59.7
MU24CS033,6.5,75.8
MU25IT039,0.0,37.4
MU25EC042,6.6,84.0
MU23ME043,8.8,
MU23CS036,3.4,65.3
MU25IT040,4.9,77.1
MU23EC030,0.7,52.3
MU25ME036,1.4,45.8
MU24CS034,3.3,77.1
MU24IT028,0.0,51.8
MU24EC042,5.7,74.5
MU23ME044,0.1,
MU25CS045,4.7,72.8
MU24IT029,4.5,88.0
MU25EC043,2.8,62.9
MU25ME037,5.4,84.0
MU25CS046,0.7,56.6
MU24EC043,3.9,73.3
MU25ME038,5.7,90.6
MU25CS047,5.8,85.9
MU24IT030,5.1,59.6
MU23EC031,3.1,53.5
MU23ME045,5.5,93.1
MU23CS037,5.9,87.8
MU25IT042,5.8,78.3
MU23EC032,7.0,98.0
MU25ME039,4.2,72.5
MU24CS035,0.2,60.9
MU24IT031,5.9,90.6
MU24EC044,6.8,77.3
MU25ME040,8.4,
MU23CS038,,78.3
MU23IT047,9.8,92.4
MU23EC033,6.2,86.8
MU24ME035,4.2,69.3
MU25CS048,3.8,63.8
MU24IT032,6.3,55.2
MU25EC044,8.1,73.6
MU23ME046,2.8,61.4
MU23CS039,5.0,60.4
MU23IT048,5.1,76.7
MU23EC034,2.0,61.6
MU23ME047,3.0,77.9
MU25CS049,10.5,100.0
MU24IT033,3.5,68.9
MU25EC045,6.2,85.3
MU23ME048,0.0,66.2
MU24CS036,8.2,81.9
MU24IT034,2.6,71.5
MU23EC035,0.5,40.4
MU25ME041,4.3,62.2
MU23CS040,0.0,46.4
MU24IT035,2.9,49.7
MU24EC045,1.7,72.6
MU25ME042,11.4,98.2
