student_id,aptitude_score,coding_score,mock_interview_score
MU23CS001,59.4,68.5,61.0
MU24IT001,54.1,53.5,58.3
MU23EC001,,40.4,25.9
MU23ME001,61.1,52.3,56.2
MU25CS001,54.1,39.1,50.7
MU25IT001,45.8,42.4,46.8
MU25EC001,54.1,46.7,62.7
MU24ME001,40.9,20.5,39.6
MU25CS002,39.7,60.8,48.7
MU25IT002,,44.7,41.2
MU24EC001,38.0,29.0,33.0
MU24ME002,45.1,41.4,62.2
MU25CS003,35.0,19.6,23.3
MU24IT002,41.2,43.7,
MU25EC002,48.7,38.2,55.5
MU25ME001,68.4,47.2,55.3
MU25CS004,58.1,44.3,42.6
MU23IT001,52.1,68.4,55.2
MU24EC002,30.7,28.2,32.7
MU23ME002,48.7,40.3,37.2
MU25CS005,65.2,62.9,73.2
MU25IT003,81.0,77.7,68.9
MU25EC003,62.3,,51.9
MU24ME003,30.9,23.8,26.8
MU24CS001,60.0,60.5,67.8
MU24IT003,40.9,35.4,32.5
MU24EC003,57.1,54.5,68.0
MU24ME004,42.1,24.8,22.4
MU24CS002,51.2,40.7,53.9
MU23IT002,43.5,34.1,45.3
MU24EC004,59.5,39.5,51.4
MU24ME005,69.1,45.5,47.8
MU23CS002,34.0,22.0,30.0
MU23IT003,73.3,61.0,55.3
MU25EC004,72.8,70.3,67.0
MU25ME002,47.2,25.9,47.8
MU24CS003,55.1,,54.4
MU25IT004,79.1,84.2,65.3
MU24EC005,61.6,61.1,52.0
MU23ME003,68.8,51.8,52.3
MU24CS004,,58.8,56.6
MU24IT004,33.9,20.4,31.7
MU23EC002,68.7,67.1,65.2
MU24ME006,78.0,84.0,75.0
MU23CS003,50.0,45.3,62.0
MU23IT004,34.9,49.4,25.5
MU24EC006,38.7,31.6,35.3
MU23ME004,49.4,46.4,62.3
MU25CS006,38.0,28.4,35.6
MU23IT005,86.6,,95.5
MU25EC005,53.8,62.8,51.5
MU23ME005,48.7,45.1,61.5
MU23CS004,44.3,33.6,
MU25IT005,57.8,49.0,64.9
MU24EC007,90.0,92.0,88.0
MU25ME003,56.7,61.5,56.2
MU24CS005,,21.9,29.7
MU23IT006,47.9,26.8,33.8
MU25EC006,56.4,35.1,57.3
MU23ME006,55.7,60.8,57.2
MU25CS007,62.9,67.1,61.1
MU25IT006,45.9,39.6,52.8
MU23EC003,32.1,49.6,37.0
MU23ME007,38.4,44.2,23.4
MU24CS006,58.9,55.9,65.4
MU23IT007,62.2,63.7,55.9
MU24EC008,54.1,49.0,54.2
MU25ME004,40.3,32.6,
MU24CS007,63.9,41.9,57.7
MU25IT007,72.2,50.8,68.6
MU23EC004,33.1,17.8,39.8
MU24ME007,40.7,43.4,44.7
MU23CS005,57.5,,51.9
MU25IT008,32.3,30.3,26.5
MU25EC007,30.1,13.6,15.7
MU23ME008,56.9,62.5,64.2
MU24CS008,58.2,46.2,
MU25IT009,57.1,44.5,55.3
MU24ME008,48.9,51.6,40.8
MU23CS006,43.9,35.5,46.1
MU24IT005,40.0,30.6,34.6
MU25EC008,46.3,23.7,43.9
MU23ME009,,53.1,58.0
MU23CS007,71.8,62.5,59.8
MU23IT008,36.7,29.4,36.5
MU23EC005,49.5,35.0,59.6
MU23ME010,55.1,40.3,54.5
MU25CS008,,38.2,30.7
MU24IT006,68.1,56.9,55.4
MU23EC006,37.3,23.4,35.5
MU25ME005,35.3,25.5,40.0
MU24CS009,56.7,47.0,46.8
MU23IT009,50.3,57.0,55.8
MU25EC009,56.6,40.3,45.3
MU25ME006,74.5,63.4,69.3
MU24CS010,54.4,,
MU23IT010,69.5,63.8,55.4
MU24EC010,55.4,44.1,48.6
MU24ME009,50.1,40.5,43.1
MU24CS011,32.6,23.8,31.7
MU25IT010,45.3,39.9,46.0
MU23EC007,57.2,51.4,44.2
MU23ME011,34.9,30.6,23.9
MU23CS008,30.0,41.2,36.3
MU24IT007,71.4,62.8,64.3
MU25EC010,64.3,45.6,61.5
MU23ME012,58.0,62.1,58.3
MU25CS009,46.7,28.3,31.3
MU23IT011,24.7,40.5,34.1
MU24EC011,64.1,60.9,71.3
MU25ME007,38.8,32.6,49.3
MU25CS010,43.8,39.3,37.5
MU25IT011,,47.1,50.4
MU24EC012,50.3,49.8,32.8
MU23ME013,65.3,56.3,61.8
MU23CS009,68.1,58.9,59.4
MU23IT012,46.9,47.2,41.4
MU25EC011,95.4,,80.3
MU25ME008,46.2,55.5,34.8
MU25CS011,74.3,,64.0
MU25IT012,45.5,41.3,54.6
MU24EC013,80.8,66.4,80.4
MU25ME009,37.8,44.2,39.8
MU24CS012,29.0,34.5,46.9
MU23IT013,52.1,49.1,
MU24EC014,74.3,54.6,66.0
MU25ME010,27.4,18.1,13.7
MU23CS010,56.2,39.1,
MU25IT013,75.4,67.5,62.6
MU25EC012,47.3,39.2,51.9
MU24ME010,56.8,53.2,66.3
MU23CS011,45.4,52.0,51.5
MU23IT014,58.3,54.7,55.3
MU23EC008,75.4,56.1,53.3
MU24ME011,53.5,35.8,56.2
MU25CS012,58.1,71.1,49.1
MU23IT015,45.2,46.8,62.1
MU23EC009,54.4,42.2,33.1
MU23ME014,47.7,38.6,62.0
MU25CS013,60.7,44.3,53.3
MU24IT008,41.2,26.1,30.2
MU25EC013,68.4,43.4,56.8
MU25ME011,60.4,59.6,70.2
MU25CS014,51.9,53.2,46.2
MU23IT016,42.8,43.2,48.0
MU23EC010,39.5,23.0,41.4
MU23ME015,70.6,56.3,64.5
MU24CS013,56.2,52.8,
MU25IT014,68.8,52.4,50.2
MU25EC014,54.0,52.9,54.5
MU23ME016,42.4,42.7,45.5
MU23CS012,59.3,56.5,43.1
MU23IT017,40.7,34.3,39.2
MU25EC015,31.7,18.3,29.1
MU25ME012,22.7,14.0,16.4
MU23CS013,70.7,50.9,58.2
MU25IT015,65.8,53.1,62.8
MU24EC015,75.2,61.7,77.2
MU23ME017,,49.2,49.0
MU23CS014,72.2,54.8,
MU25IT016,64.9,58.4,57.8
MU24EC016,37.3,39.5,26.2
MU24ME012,48.7,26.0,48.2
MU25CS015,36.6,12.0,17.4
MU24IT009,62.2,67.0,55.3
MU25EC016,69.3,,53.5
MU24ME013,,29.0,46.7
MU23CS015,27.6,19.4,30.3
MU23IT018,43.2,28.5,45.6
MU25EC017,57.0,,61.8
MU25ME013,56.8,40.7,61.3
MU25CS016,34.0,33.5,24.8
MU24IT010,44.3,30.8,31.4
MU23EC011,42.3,35.4,27.8
MU23ME018,66.1,60.5,
MU25CS017,49.7,32.0,34.1
MU23IT019,47.0,36.4,45.0
MU24EC017,50.8,57.1,54.6
MU23ME019,34.4,20.5,29.3
MU23IT020,51.6,65.3,51.3
MU24EC018,63.7,51.4,55.3
MU25ME014,66.9,62.7,71.3
MU25CS019,55.7,51.7,49.7
MU24IT011,64.8,65.7,58.9
MU25EC018,47.2,57.6,37.5
MU23ME020,42.3,40.3,53.1
MU25CS020,51.5,53.9,45.0
MU23IT021,44.9,46.9,41.5
MU25EC019,44.3,37.7,27.4
MU23ME021,69.8,72.1,59.5
MU25CS021,38.4,36.9,27.6
MU23IT022,36.3,31.0,30.7
MU23EC012,60.5,49.4,46.7
MU25ME015,42.8,26.6,38.1
MU25CS022,70.9,69.4,68.2
MU25IT017,73.1,63.3,84.6
MU23EC013,70.5,57.8,54.1
MU25ME016,15.6,,28.3
MU24CS014,48.5,25.8,42.8
MU23IT023,,63.2,45.2
MU23EC014,48.2,32.4,42.5
MU25ME017,57.8,74.4,67.9
MU25CS023,53.1,51.7,52.7
MU24IT012,31.9,29.2,45.1
MU23EC015,58.4,37.1,35.7
MU24ME014,27.2,26.3,26.7
MU24CS015,57.6,71.6,70.5
MU25EC020,38.7,36.2,43.3
MU24ME015,26.8,14.4,38.0
MU23CS016,40.6,19.0,18.7
MU25IT018,57.0,38.5,53.9
MU25EC021,54.2,51.7,54.3
MU23ME022,77.1,80.1,64.4
MU25CS024,43.1,37.9,59.9
MU24IT014,32.9,22.4,32.5
MU24EC019,29.1,34.0,14.7
MU24ME016,,50.3,61.8
MU23CS017,42.5,38.3,37.6
MU23IT024,62.9,64.3,70.6
MU24EC020,28.4,7.5,25.6
MU23ME023,63.4,45.9,49.1
MU24CS016,57.4,43.8,62.5
MU25IT019,52.1,42.8,44.9
MU24EC021,59.1,72.0,54.6
MU23ME024,21.1,22.9,28.0
MU23CS018,55.8,42.9,52.1
MU24IT015,33.4,24.9,32.5
MU25EC022,39.3,32.4,35.6
MU25ME018,53.0,55.1,60.9
MU25CS025,41.3,38.4,36.2
MU23IT025,31.1,34.3,21.5
MU23EC016,55.5,49.6,56.8
MU24ME017,36.5,28.7,22.0
MU24CS017,69.1,63.3,58.6
MU24IT016,73.5,59.5,50.6
MU25EC023,65.7,53.5,47.1
MU24ME018,46.9,56.1,
MU23CS019,78.2,59.2,70.0
MU23IT026,50.0,53.2,44.5
MU25EC024,41.6,34.8,30.0
MU24ME019,55.3,53.6,47.8
MU25CS026,55.9,53.5,54.3
MU25IT020,44.4,36.3,45.2
MU25EC025,49.0,36.7,52.8
MU25ME019,50.5,28.1,47.2
MU25CS027,50.1,46.3,49.5
MU23IT027,48.2,53.0,38.4
MU25EC026,52.1,41.8,44.2
MU25ME020,51.0,56.3,54.1
MU25CS028,48.2,36.4,50.1
MU25IT021,61.4,56.0,53.1
MU25EC027,46.1,36.4,34.9
MU25ME021,52.1,44.5,66.4
MU23CS020,61.5,49.4,54.0
MU25IT022,,36.0,44.9
MU25EC028,56.7,26.6,41.9
MU23ME025,71.1,59.8,76.2
MU25CS029,59.0,65.5,
MU23IT028,43.0,29.5,44.5
MU23EC017,59.6,49.8,65.1
MU23ME026,34.9,16.4,35.2
MU25CS030,58.7,39.5,51.6
MU23IT029,62.8,57.8,64.5
MU23EC018,48.4,47.0,51.2
MU23ME027,42.0,30.7,28.7
MU25CS031,48.1,37.6,49.3
MU23IT030,48.2,34.7,36.0
MU23EC019,55.9,50.1,66.5
MU23ME028,75.4,54.5,71.8
MU23CS021,45.2,41.0,34.0
MU25IT023,50.1,45.4,47.5
MU23EC020,50.8,52.1,52.7
MU23ME029,53.5,57.2,56.5
MU25CS032,75.0,50.6,66.9
MU23IT031,42.9,45.0,58.8
MU25EC029,59.2,48.5,56.2
MU23ME030,63.5,46.1,50.3
MU23CS022,53.9,41.3,54.9
MU23IT032,34.6,29.7,55.3
MU23EC021,53.8,35.3,64.9
MU24ME020,59.9,67.9,62.9
MU25CS033,45.9,39.5,45.0
MU25IT024,70.4,54.8,67.8
MU25EC030,23.7,24.5,28.4
MU25ME022,39.5,33.8,56.9
MU25CS034,74.5,74.3,71.1
MU25IT025,42.7,30.4,48.9
MU24EC022,49.0,31.7,33.2
MU23ME031,77.3,75.8,69.6
MU24CS018,54.7,47.6,56.2
MU24IT017,27.0,32.0,27.0
MU24EC023,55.5,43.7,52.7
MU25ME023,49.5,41.6,47.4
MU23CS023,47.8,51.5,43.0
MU25IT026,52.5,43.8,62.0
MU25EC031,51.3,46.8,60.7
MU23ME032,57.9,52.3,64.2
MU23CS024,49.1,12.4,31.7
MU25IT027,44.3,34.1,
MU24EC024,58.7,48.5,
MU23ME033,55.7,,52.7
MU24CS019,19.3,20.4,25.3
MU24IT018,51.5,42.5,42.9
MU23EC022,51.5,28.8,34.2
MU24ME021,,26.9,34.7
MU23CS025,55.5,32.7,42.1
MU23IT033,63.9,58.8,59.1
MU24EC025,61.8,35.1,56.7
MU24ME022,57.2,38.6,61.3
MU23CS026,59.8,64.0,52.0
MU24IT019,25.9,24.2,26.3
MU25EC032,60.3,,52.8
MU25CS035,40.5,27.9,36.4
MU23IT034,54.0,46.0,47.0
MU25EC033,44.9,42.2,52.5
MU24ME023,74.9,77.4,69.4
MU23CS027,55.6,46.1,43.3
MU23IT035,65.1,69.5,78.4
MU24EC026,75.2,64.2,80.1
MU23ME035,56.5,41.5,41.6
MU24CS020,38.2,39.3,51.3
MU23IT036,34.4,29.7,40.1
MU24EC027,48.3,38.1,44.6
MU25ME024,73.3,57.6,60.0
MU24CS021,47.3,55.1,48.1
MU23IT037,56.2,47.7,54.0
MU24EC028,46.2,,42.9
MU24ME024,38.9,38.5,37.0
MU24CS022,63.7,65.4,45.5
MU24IT020,92.3,91.2,95.6
MU24EC029,,31.6,35.8
MU25ME025,39.1,40.5,51.5
MU25CS036,50.4,47.4,50.9
MU25IT028,34.6,24.3,23.8
MU24ME025,57.7,50.5,49.6
MU23CS028,46.1,30.5,40.8
MU25IT029,80.5,85.2,76.9
MU23EC023,46.9,50.9,59.5
MU24ME026,,62.9,55.0
MU25CS037,35.6,37.5,39.2
MU25IT030,49.9,49.8,39.9
MU24EC031,50.0,,51.3
MU25ME026,70.5,56.3,53.1
MU25CS038,77.9,74.0,68.5
MU24IT021,,30.3,40.5
MU24EC032,43.4,48.7,49.5
MU25ME027,34.6,17.7,
MU24CS023,46.2,29.9,22.7
MU23IT038,39.7,32.9,41.3
MU23EC024,45.9,29.3,24.9
MU24ME027,42.1,35.6,46.1
MU24CS024,70.9,62.9,74.6
MU23IT039,,,59.2
MU24EC033,35.8,19.1,32.2
MU23ME036,35.5,28.6,39.0
MU25CS039,70.8,77.8,74.3
MU24IT022,55.3,50.3,50.7
MU25EC034,52.9,39.0,34.0
MU23ME037,53.2,41.5,51.0
MU25CS040,65.3,,72.7
MU23IT040,54.0,41.6,52.0
MU23EC025,40.1,14.5,27.2
MU24ME028,52.6,42.1,43.4
MU23CS029,54.5,,56.3
MU25IT031,65.4,53.6,51.5
MU24EC034,47.1,45.5,61.9
MU23ME038,61.0,50.2,47.9
MU25CS041,65.3,74.6,66.7
MU24IT023,56.9,42.8,62.5
MU23EC026,54.0,40.7,45.1
MU25ME028,76.6,68.8,67.6
MU24CS025,,89.8,80.7
MU25IT032,57.8,61.7,53.3
MU24EC035,62.9,61.1,57.1
MU24ME029,72.5,63.8,58.2
MU25CS042,49.2,57.9,68.4
MU25IT033,63.6,41.4,52.6
MU24EC036,59.4,50.6,57.8
MU25ME029,54.7,64.7,59.2
MU24CS026,36.9,33.9,37.8
MU24IT024,61.9,58.4,56.8
MU24EC037,,56.8,52.5
MU24ME030,38.4,23.0,
MU24CS027,35.5,31.2,51.8
MU24IT025,45.5,26.4,
MU24EC038,84.4,66.8,62.4
MU23ME039,61.2,46.2,67.5
MU23CS030,59.7,42.0,46.9
MU23IT041,53.5,51.4,53.0
MU25EC035,58.1,53.2,60.7
MU23ME040,59.6,49.7,40.3
MU24CS028,74.3,78.6,73.6
MU23IT042,43.6,32.4,39.1
MU24EC039,66.9,61.6,60.3
MU25ME030,56.8,41.8,49.8
MU25CS043,66.6,58.5,62.6
MU25IT034,49.4,45.1,52.7
MU24EC040,45.6,38.2,51.8
MU25ME031,51.0,67.3,58.8
MU24CS029,55.6,48.5,52.4
MU23IT043,61.6,46.7,58.1
MU25EC036,74.6,80.0,86.1
MU24ME031,59.7,49.4,56.5
MU24CS030,61.2,55.1,52.1
MU25IT035,52.8,40.2,34.9
MU25EC037,36.9,45.1,31.1
MU25ME032,65.6,58.8,60.8
MU23CS031,50.8,50.8,44.6
MU23IT044,79.0,58.4,62.6
MU25EC038,48.5,41.1,49.6
MU25ME033,72.0,74.6,61.7
MU23CS032,55.9,45.0,41.3
MU24IT026,65.4,78.3,67.9
MU24EC041,64.5,50.0,64.2
MU24ME032,71.4,61.4,53.5
MU23CS033,71.3,71.5,61.7
MU25IT036,39.6,17.1,20.5
MU23EC027,62.9,30.0,35.4
MU23ME041,53.5,45.8,50.1
MU25CS044,57.2,42.3,49.4
MU25IT037,41.1,15.9,28.0
MU23EC028,60.6,50.2,43.8
MU25ME034,62.7,63.8,61.9
MU24CS031,66.0,69.8,58.2
MU23IT045,70.9,64.7,53.8
MU23EC029,48.3,51.2,65.8
MU23ME042,73.6,81.2,69.8
MU23CS034,41.6,52.0,52.2
MU23IT046,40.9,30.5,36.2
MU25EC039,57.4,49.3,62.4
MU25ME035,53.2,44.2,60.1
MU24CS032,77.6,54.5,68.7
MU24IT027,44.5,25.8,25.9
MU25EC040,35.5,21.2,48.8
MU24ME033,43.0,29.4,40.5
MU23CS035,57.7,46.5,56.7
MU25IT038,39.5,36.9,37.8
MU25EC041,63.9,69.4,58.5
MU24ME034,57.7,51.3,59.6
MU24CS033,49.4,45.3,61.1
MU25IT039,48.8,36.0,62.9
MU25EC042,98.3,100.0,95.7
MU23ME043,59.0,46.7,54.7
MU23CS036,44.3,47.4,28.3
MU25IT040,40.8,47.6,31.3
MU23EC030,39.6,20.7,34.4
MU25ME036,31.1,18.6,15.1
MU24CS034,53.0,56.1,56.2
MU24IT028,50.8,39.7,28.9
MU24EC042,52.6,36.2,50.2
MU23ME044,37.5,21.1,30.1
MU25CS045,55.4,42.8,62.9
MU24IT029,66.0,61.2,55.2
MU25EC043,,57.8,60.4
MU25ME037,67.1,30.5,53.9
MU25CS046,43.9,45.6,57.3
MU24EC043,34.3,25.1,30.5
MU25ME038,42.2,31.0,24.0
MU25CS047,48.6,29.5,36.0
MU24IT030,52.8,32.9,44.5
MU23EC031,45.8,43.1,49.2
MU23ME045,60.3,51.2,48.5
MU23CS037,86.1,76.3,79.9
MU25IT042,57.3,62.5,59.7
MU23EC032,63.7,44.8,41.6
MU25ME039,53.0,51.5,44.5
MU24CS035,38.1,29.6,51.2
MU24IT031,54.7,44.7,61.7
MU24EC044,,66.9,72.0
MU25ME040,48.7,56.0,50.1
MU23CS038,40.2,37.9,34.8
MU23IT047,57.2,44.4,51.0
MU23EC033,52.6,66.1,57.4
MU24ME035,46.9,39.1,38.2
MU25CS048,35.1,25.2,30.0
MU24IT032,44.8,34.9,43.1
MU25EC044,58.7,63.0,52.1
MU23ME046,51.6,34.7,45.2
MU23CS039,59.9,69.9,64.3
MU23IT048,52.4,46.4,43.0
MU23EC034,,49.1,
MU23ME047,52.8,45.3,59.8
MU25CS049,76.6,93.1,79.2
MU24IT033,52.9,43.2,
MU25EC045,69.9,62.3,69.9
MU23ME048,52.7,47.7,39.3
MU24CS036,65.2,66.9,63.4
MU24IT034,66.6,65.3,52.2
MU23EC035,17.9,9.0,7.7
MU25ME041,39.7,38.2,41.3
MU23CS040,37.3,38.7,26.9
MU24IT035,43.6,20.2,31.6
MU24EC045,45.2,40.2,49.0
MU25ME042,48.7,41.9,60.3
