student_id,technical_score,softskill_score
MU23CS001,59.0,65.9
MU24IT001,70.5,69.3
MU23EC001,35.9,49.7
MU23ME001,47.8,70.2
MU25CS001,37.9,53.6
MU25IT001,71.3,69.7
MU25EC001,50.7,57.4
MU24ME001,59.1,60.9
MU25CS002,50.0,63.1
MU25IT002,41.0,53.1
MU24EC001,52.0,41.0
MU24ME002,67.0,52.0
MU25CS003,57.9,47.8
MU24IT002,46.6,54.7
MU25EC002,53.2,62.7
MU25ME001,59.5,67.5
MU25CS004,57.7,66.0
MU23IT001,71.2,60.2
MU24EC002,44.0,48.3
MU23ME002,28.5,61.8
MU25CS005,69.3,74.4
MU25IT003,68.8,61.1
MU25EC003,51.8,78.2
MU24ME003,34.9,53.5
MU24CS001,68.4,64.9
MU24IT003,58.7,49.2
MU24EC003,65.4,65.1
MU24ME004,48.5,43.3
MU24CS002,47.9,67.1
MU23IT002,37.5,59.1
MU24EC004,54.8,65.3
MU24ME005,65.3,71.6
MU23CS002,32.6,57.6
MU23IT003,73.5,71.8
MU25EC004,74.3,71.9
MU25ME002,59.7,59.2
MU24CS003,48.9,69.3
MU25IT004,62.8,65.7
MU24EC005,53.7,66.4
MU23ME003,,59.7
MU24CS004,59.7,64.9
MU24IT004,47.2,42.8
MU23EC002,75.0,72.6
MU24ME006,86.0,79.0
MU23CS003,57.6,51.4
MU23IT004,45.2,51.3
MU24EC006,57.2,54.0
MU23ME004,47.0,66.1
MU25CS006,38.2,49.7
MU23IT005,83.8,69.9
MU25EC005,75.8,69.7
MU23ME005,57.7,54.5
MU23CS004,50.4,56.5
MU25IT005,68.0,61.4
MU24EC007,91.0,87.0
MU25ME003,63.0,65.5
MU24CS005,35.2,62.0
MU23IT006,51.0,50.9
MU25EC006,54.9,67.6
MU23ME006,55.9,40.9
MU25CS007,59.1,79.5
MU25IT006,51.1,36.6
MU23EC003,54.4,71.2
MU23ME007,,54.6
MU24CS006,59.4,73.0
MU23IT007,69.3,74.9
MU24EC008,57.6,55.1
MU25ME004,49.3,54.6
MU24CS007,42.0,62.1
MU25IT007,46.7,73.4
MU23EC004,51.5,52.5
MU24ME007,44.0,48.4
MU23CS005,62.1,66.7
MU25IT008,37.6,35.6
MU25EC007,28.5,48.5
MU23ME008,61.8,65.7
MU24CS008,71.4,53.3
MU25IT009,60.3,59.7
MU24EC009,56.0,59.8
MU24ME008,54.1,54.8
MU23CS006,47.4,55.8
MU24IT005,54.4,46.4
MU25EC008,47.3,58.7
MU23ME009,67.1,59.3
MU23CS007,70.0,69.8
MU23IT008,54.8,51.6
MU23EC005,62.6,45.0
MU23ME010,48.7,75.1
MU25CS008,47.1,56.9
MU24IT006,68.8,57.9
MU23EC006,52.8,42.6
MU25ME005,53.0,60.3
MU24CS009,34.6,50.4
MU23IT009,54.8,71.3
MU25EC009,53.2,
MU25ME006,60.8,82.9
MU24CS010,57.7,55.0
MU23IT010,63.6,66.5
MU24EC010,61.2,65.8
MU24ME009,45.4,60.0
MU24CS011,52.1,52.8
MU25IT010,66.0,64.8
MU23EC007,52.5,55.7
MU23ME011,38.4,
MU23CS008,43.3,42.4
MU24IT007,66.5,72.7
MU25EC010,59.0,68.4
MU23ME012,62.9,64.6
MU25CS009,55.8,52.4
MU23IT011,43.5,43.1
MU24EC011,65.0,39.6
MU25ME007,55.4,73.5
MU25CS010,57.6,62.3
MU25IT011,41.8,63.6
MU24EC012,55.6,64.0
MU23ME013,47.5,57.5
MU23CS009,65.9,57.8
MU23IT012,61.8,73.0
MU25EC011,78.5,92.1
MU25ME008,47.9,51.9
MU25CS011,65.8,
MU25IT012,55.4,60.7
MU24EC013,74.0,72.0
MU25ME009,44.6,69.7
MU24CS012,52.5,52.9
MU23IT013,59.6,62.1
MU24EC014,70.8,67.3
MU25ME010,39.4,50.9
MU23CS010,51.9,53.5
MU25IT013,70.1,70.2
MU25EC012,54.4,66.0
MU24ME010,56.7,64.1
MU23CS011,70.3,53.3
MU23IT014,65.2,61.8
MU23EC008,80.0,62.4
MU24ME011,73.4,61.8
MU25CS012,47.3,63.4
MU23IT015,39.8,47.2
MU23EC009,38.5,65.7
MU23ME014,60.1,
MU25CS013,47.9,44.7
MU24IT008,45.1,
MU25EC013,55.1,49.5
MU25ME011,57.7,80.2
MU25CS014,46.5,63.9
MU23IT016,54.4,69.0
MU23EC010,45.7,49.8
MU23ME015,54.2,67.0
MU24CS013,50.1,56.0
MU25IT014,61.7,69.6
MU25EC014,57.3,56.3
MU23ME016,53.2,58.6
MU23CS012,55.9,77.2
MU23IT017,42.6,50.4
MU25EC015,36.8,60.1
MU25ME012,35.0,39.5
MU23CS013,54.2,85.3
MU25IT015,68.3,63.6
MU24EC015,71.9,71.4
MU23ME017,49.5,71.5
MU23CS014,71.8,67.5
MU25IT016,49.5,61.0
MU24EC016,50.1,60.4
MU24ME012,40.0,51.1
MU25CS015,41.7,38.5
MU24IT009,54.0,64.7
MU25EC016,66.1,70.6
MU24ME013,45.7,64.8
MU23CS015,27.1,53.6
MU23IT018,51.2,50.5
MU25EC017,49.7,61.5
MU25ME013,63.8,50.7
MU25CS016,,50.4
MU24IT010,59.1,61.3
MU23EC011,38.8,58.3
MU23ME018,65.7,
MU25CS017,42.6,68.5
MU23IT019,58.4,64.3
MU24EC017,61.2,62.6
MU23ME019,22.9,44.4
MU25CS018,52.3,71.2
MU23IT020,53.8,60.3
MU24EC018,61.8,72.5
MU25ME014,74.1,58.6
MU25CS019,49.3,60.0
MU24IT011,69.3,77.2
MU25EC018,58.8,60.2
MU23ME020,39.2,56.1
MU25CS020,57.8,60.6
MU23IT021,,66.5
MU25EC019,44.0,51.1
MU23ME021,68.2,68.8
MU25CS021,51.1,55.6
MU23IT022,46.1,61.3
MU23EC012,54.4,72.9
MU25ME015,58.6,60.9
MU25CS022,77.8,93.5
MU25IT017,68.2,79.7
MU23EC013,73.1,67.2
MU25ME016,33.2,53.4
MU24CS014,54.4,52.9
MU23IT023,51.4,56.3
MU23EC014,44.6,50.0
MU25ME017,62.1,67.2
MU25CS023,44.8,65.8
MU24IT012,60.0,52.2
MU23EC015,51.8,56.3
MU24ME014,46.3,45.0
MU24CS015,59.0,81.1
MU24IT013,56.3,70.1
MU25EC020,52.9,50.8
MU24ME015,48.0,51.2
MU23CS016,49.1,65.7
MU25IT018,70.9,58.3
MU25EC021,56.1,41.8
MU23ME022,70.4,86.7
MU25CS024,52.9,41.6
MU24IT014,53.9,42.5
MU24EC019,54.1,40.0
MU24ME016,61.8,64.5
MU23CS017,43.9,58.5
MU23IT024,66.5,53.6
MU24EC020,50.9,43.2
MU23ME023,,77.5
MU24CS016,36.5,55.8
MU25IT019,52.6,47.8
MU24EC021,66.8,72.5
MU23ME024,27.1,51.8
MU23CS018,62.0,55.9
MU24IT015,31.5,39.0
MU25EC022,35.5,56.3
MU25ME018,69.6,71.4
MU25CS025,46.7,51.9
MU23IT025,42.0,46.7
MU23EC016,52.1,67.6
MU24ME017,50.8,48.0
MU24CS017,60.9,74.8
MU24IT016,80.8,80.0
MU25EC023,66.1,69.9
MU24ME018,62.9,55.7
MU23CS019,63.2,77.3
MU23IT026,45.6,56.2
MU25EC024,45.2,51.5
MU24ME019,54.9,66.6
MU25CS026,52.2,69.9
MU25IT020,56.5,57.4
MU25EC025,52.5,54.5
MU25ME019,49.4,66.0
MU25CS027,66.2,66.4
MU23IT027,55.8,61.0
MU25EC026,68.4,61.6
MU25ME020,50.6,59.4
MU25CS028,54.7,71.1
MU25IT021,57.2,58.5
MU25EC027,51.3,49.3
MU25ME021,53.4,56.6
MU23CS020,60.8,66.3
MU25IT022,44.8,60.7
MU25EC028,55.6,62.2
MU23ME025,67.3,75.0
MU25CS029,70.2,66.5
MU23IT028,40.8,51.8
MU23EC017,61.5,48.8
MU23ME026,55.1,46.1
MU25CS030,54.7,60.5
MU23IT029,58.4,53.8
MU23EC018,38.3,62.6
MU23ME027,56.8,60.4
MU25CS031,55.8,59.5
MU23IT030,53.3,67.3
MU23EC019,68.1,58.3
MU23ME028,70.7,68.9
MU23CS021,72.1,56.8
MU25IT023,65.2,62.1
MU23EC020,,60.7
MU23ME029,67.1,59.9
MU25CS032,64.0,56.2
MU23IT031,56.9,50.2
MU25EC029,61.5,72.6
MU23ME030,52.3,40.2
MU23CS022,46.1,67.2
MU23IT032,38.0,57.5
MU23EC021,55.6,62.6
MU24ME020,61.3,61.3
MU25CS033,42.4,70.8
MU25IT024,64.7,78.6
MU25EC030,47.8,42.9
MU25ME022,55.9,58.4
MU25CS034,82.9,73.8
MU25IT025,55.2,56.4
MU24EC022,36.4,49.0
MU23ME031,80.2,75.0
MU24CS018,55.4,78.5
MU24IT017,,43.8
MU24EC023,43.1,45.3
MU25ME023,44.7,49.3
MU23CS023,53.9,59.5
MU25IT026,58.7,60.5
MU25EC031,57.2,62.0
MU23ME032,70.4,44.9
MU23CS024,51.4,51.6
MU25IT027,53.4,40.3
MU24EC024,57.9,63.3
MU23ME033,54.9,61.3
MU24CS019,27.9,59.2
MU24IT018,45.7,63.5
MU23EC022,24.7,73.2
MU24ME021,41.4,59.0
MU23CS025,62.0,61.7
MU23IT033,67.5,67.2
MU24EC025,60.8,65.3
MU24ME022,59.2,71.8
MU23CS026,43.8,72.6
MU24IT019,49.2,50.7
MU25EC032,63.1,67.7
MU23ME034,55.8,57.8
MU25CS035,45.1,66.7
MU23IT034,48.3,62.8
MU25EC033,66.0,54.4
MU24ME023,67.8,68.2
MU23CS027,41.2,52.3
MU23IT035,83.0,78.0
MU24EC026,61.7,64.4
MU23ME035,52.8,65.8
MU24CS020,40.9,65.9
MU23IT036,38.1,50.7
MU24EC027,47.0,63.1
MU25ME024,64.9,51.4
MU24CS021,56.3,72.3
MU23IT037,54.8,65.5
MU24EC028,37.9,35.8
MU24ME024,51.5,65.6
MU24CS022,62.7,69.2
MU24IT020,88.7,75.1
MU24EC029,43.4,43.0
MU25ME025,60.3,45.5
MU25CS036,54.9,74.7
MU25IT028,44.9,46.5
MU24EC030,63.1,56.3
MU24ME025,69.6,62.5
MU23CS028,50.1,44.4
MU25IT029,75.4,66.5
MU23EC023,52.6,63.4
MU24ME026,61.5,65.5
MU25CS037,51.8,50.9
MU25IT030,56.3,58.2
MU24EC031,44.5,50.5
MU25ME026,65.8,64.4
MU25CS038,72.7,68.2
MU24IT021,45.7,49.1
MU24EC032,55.2,56.1
MU25ME027,42.0,47.4
MU24CS023,53.8,65.2
MU23IT038,45.4,59.5
MU23EC024,44.2,44.2
MU24ME027,48.5,45.2
MU24CS024,,66.9
MU23IT039,77.0,84.7
MU24EC033,42.0,35.8
MU23ME036,59.4,56.5
MU25CS039,61.4,70.7
MU24IT022,61.6,60.7
MU25EC034,53.2,60.8
MU23ME037,70.6,67.2
MU25CS040,64.7,67.5
MU23IT040,44.8,59.8
MU23EC025,39.2,47.8
MU24ME028,46.7,64.9
MU23CS029,55.9,69.6
MU25IT031,45.1,68.9
MU24EC034,42.2,69.1
MU23ME038,58.6,65.0
MU25CS041,,60.3
MU24IT023,50.2,67.0
MU23EC026,54.2,66.1
MU25ME028,69.5,85.1
MU24CS025,69.9,66.1
MU25IT032,55.4,67.4
MU24EC035,53.3,65.2
MU24ME029,73.4,69.5
MU25CS042,62.3,65.9
MU25IT033,55.0,69.7
MU24EC036,63.8,59.5
MU25ME029,59.0,64.6
MU24CS026,40.1,56.2
MU24IT024,,71.8
MU24EC037,51.3,75.4
MU24ME030,46.1,54.2
MU24CS027,52.5,56.9
MU24IT025,48.1,54.7
MU24EC038,71.7,72.5
MU23ME039,57.5,76.2
MU23CS030,48.9,59.2
MU23IT041,64.4,57.8
MU25EC035,61.4,73.3
MU23ME040,56.3,62.3
MU24CS028,76.9,70.7
MU23IT042,49.8,46.5
MU24EC039,60.9,57.0
MU25ME030,55.7,
MU25CS043,57.7,65.7
MU25IT034,56.4,61.9
MU24EC040,55.0,68.8
MU25ME031,58.2,71.4
MU24CS029,52.4,66.2
MU23IT043,46.1,
MU25EC036,61.4,69.7
MU24ME031,69.0,78.1
MU24CS030,57.7,66.6
MU25IT035,38.8,63.5
MU25EC037,,43.2
MU25ME032,54.0,69.6
MU23CS031,46.7,71.2
MU23IT044,64.2,71.2
MU25EC038,43.9,56.6
MU25ME033,56.3,71.3
MU23CS032,44.3,51.0
MU24IT026,67.2,66.6
MU24EC041,50.3,66.9
MU24ME032,63.0,66.0
MU23CS033,74.4,69.2
MU25IT036,34.6,55.8
MU23EC027,39.9,41.2
MU23ME041,54.4,60.3
MU25CS044,48.3,48.9
MU25IT037,,52.0
MU23EC028,68.3,73.8
MU25ME034,66.6,82.1
MU24CS031,51.0,70.7
MU23IT045,61.9,64.3
MU23EC029,56.5,50.6
MU23ME042,72.6,76.1
MU23CS034,46.4,58.4
MU23IT046,,66.4
MU25EC039,70.6,53.3
MU25ME035,52.5,58.7
MU24CS032,49.0,58.6
MU24IT027,47.5,47.4
MU25EC040,39.4,
MU24ME033,35.8,61.6
MU23CS035,,67.0
MU25IT038,41.5,57.9
MU25EC041,47.3,58.8
MU24ME034,56.3,67.5
MU24CS033,53.6,72.0
MU25IT039,48.8,59.9
MU25EC042,85.3,77.3
MU23ME043,75.8,64.1
MU23CS036,53.9,66.9
MU25IT040,56.1,47.7
MU23EC030,,47.7
MU25ME036,32.0,46.9
MU24CS034,56.6,58.4
MU24IT028,40.4,46.7
MU24EC042,55.3,70.7
MU23ME044,34.7,39.1
MU25CS045,54.9,63.3
MU24IT029,51.8,61.4
MU25EC043,63.4,59.4
MU25ME037,59.9,55.4
MU25CS046,46.6,58.6
MU25IT041,56.0,51.6
MU24EC043,39.2,58.1
MU25ME038,47.6,54.0
MU25CS047,52.2,69.5
MU24IT030,48.1,45.7
MU23EC031,48.6,46.5
MU23ME045,,76.0
MU23CS037,66.9,72.2
MU25IT042,54.9,69.5
MU23EC032,71.3,60.6
MU25ME039,61.0,60.4
MU24CS035,47.7,53.6
MU24IT031,56.4,56.0
MU24EC044,76.4,70.6
MU25ME040,65.1,73.1
MU23CS038,39.2,63.7
MU23IT047,56.8,82.2
MU23EC033,67.9,61.8
MU24ME035,28.9,47.7
MU25CS048,38.8,
MU24IT032,50.7,49.8
MU25EC044,58.4,67.2
MU23ME046,53.4,49.5
MU23CS039,43.2,59.8
MU23IT048,35.6,73.2
MU23EC034,41.2,57.1
MU23ME047,51.5,64.0
MU25CS049,61.8,73.2
MU24IT033,51.9,60.3
MU25EC045,,59.6
MU23ME048,48.8,49.3
MU24CS036,71.6,66.7
MU24IT034,53.7,75.4
MU23EC035,26.0,41.0
MU25ME041,48.6,41.6
MU23CS040,38.3,60.7
MU24IT035,32.6,52.1
MU24EC045,49.6,57.2
MU25ME042,63.5,54.6
