student_id,name,branch,semester,batch_year
MU23CS001,Om Raval,CSE,7,2023
MU24IT001,Isha Modi,IT,5,2024
MU23EC001,Yash Desai,ECE,7,2023
MU23ME001,Priya Sharma,MECH,7,2023
MU25CS001,Raj Pandya,CSE,3,2025
MU25IT001,Priya Mehta,it,3,2025
MU25EC001,Kavya Gohil,ece,3,2025
MU24ME001,Karan Kapadia,MECH,5,2024
MU25CS002,Tanvi Vyas,CSE ,3,2025
MU25IT002,Neha Vyas,IT ,3,2025
MU24EC001,Dev Shah,ECE,5,2024
MU24ME002,Khushi Shah,MECH,5,2024
MU25CS003,Parth Trivedi,CSE,3,2025
MU24IT002,Rohan Thakkar,IT ,5,2024
MU25EC002,Ananya Shah,ECE,3,2025
MU25ME001,Kavya Modi,MECH,3,2025
MU25CS004,Om Thakkar,CSE,3,2025
MU23IT001,Ananya Bhatt,IT,7,2023
MU24EC002,Vivaan Gohil,ECE,5,2024
MU23ME002,Raj Raval,MECH,7,2023
MU25CS005,Raj Solanki,cse,3,2025
MU25IT003,Isha Parmar,IT,3,2025
MU25EC003,Diya Shah,ECE,3,2025
MU24ME003,Om Joshi,MECH,5,2024
MU24CS001,Krish Raval,CSE,5,2024
MU24IT003,Meet Desai,IT,5,2024
MU24EC003,Yash Kapadia,ece,5,2024
MU24ME004,Rohan Dave,MECH,5,2024
MU24CS002,Nikhil Shah,CSE,5,2024
MU23IT002,Om Dave,IT,7,2023
MU24EC004,Parth Dave,ece,5,2024
MU24ME005,Khushi Trivedi,MECH,5,2024
MU23CS002,Yash Jadeja,CSE,7,2023
MU23IT003,Parth Joshi,IT,7,2023
MU25EC004,Aarav Thakkar,ECE,3,2025
MU25ME002,Om Raval,MECH,3,2025
MU24CS003,Nikhil Trivedi,CSE ,5,2024
MU25IT004,Neha Bhatt,IT,3,2025
MU24EC005,Pooja Patel,ECE,5,2024
MU23ME003,Jay Mehta,MECH,7,2023
MU24CS004,Yash Raval,CSE,5,2024
MU24IT004,Hetvi Chauhan,IT,5,2024
MU23EC002,Raj Chauhan,ece,7,2023
MU24ME006,Neha Chauhan,mech,5,2024
MU23CS003,Neha Thakkar,CSE,7,2023
MU23IT004,Sneha Patel,IT,7,2023
MU24EC006,Kavya Sharma,ece ,5,2024
MU23ME004,Harsh Vyas,MECH,7,2023
MU25CS006,Hetvi Patel,CSE,3,2025
MU23IT005,Parth Shah,IT,7,2023
MU25EC005,Harsh Kapadia,ECE,3,2025
MU23ME005,Kavya Raval,MECH,7,2023
MU23CS004,Neha Gohil,CSE,7,2023
MU25IT005,Jainam Raval,IT,3,2025
MU24EC007,Isha Vyas,ECE,5,2024
MU25ME003,Meet Joshi,MECH,3,2025
MU24CS005,Aarav Mehta,cse,5,2024
MU23IT006,Om Pandya,IT,7,2023
MU25EC006,Kavya Pandya,ECE,3,2025
MU23ME006,Mansi Gohil,MECH,7,2023
MU25CS007,Rohan Bhatt,CSE,3,2025
MU25IT006,Riya Vyas,IT,3,2025
MU23EC003,Diya Desai,ECE,7,2023
MU23ME007,Yash Jadeja,MECH,7,2023
MU24CS006,Ananya Sharma,CSE,5,2024
MU23IT007,Ananya Mehta,IT,7,2023
MU24EC008,Dhruv Solanki,ECE,5,2024
MU25ME004,Riya Raval,mech,3,2025
MU24CS007,Jay Thakkar,CSE,5,2024
MU25IT007,Jay Thakkar,IT,3,2025
MU23EC004,Nikhil Thakkar,ECE,7,2023
MU24ME007,Raj Trivedi,MECH,5,2024
MU23CS005,Aditya Vyas,CSE,7,2023
MU25IT008,Krish Bhatt,IT,3,2025
MU25EC007,Dev Pandya,ECE,3,2025
MU23ME008,Parth Chauhan,MECH,7,2023
MU24CS008,Karan Bhatt,CSE,5,2024
MU25IT009,Aarav Thakkar,IT,3,2025
MU24EC009,Nikhil Raval,ECE,5,2024
MU24ME008,Meet Jadeja,MECH,5,2024
MU23CS006,Pooja Shah,CSE,7,2023
MU24IT005,Sneha Shah,IT,5,2024
MU25EC008,Isha Thakkar,ECE,3,2025
MU23ME009,Karan Bhatt,MECH,7,2023
MU23CS007,Meet Raval,cse,7,2023
MU23IT008,Yash Mehta,IT,7,2023
MU23EC005,Pooja Thakkar,ECE,7,2023
MU23ME010,Harsh Kapadia,MECH,7,2023
MU25CS008,Pooja Vyas,CSE,3,2025
MU24IT006,Sneha Chauhan,IT,5,2024
MU23EC006,Aarav Joshi,ece,7,2023
MU25ME005,Isha Bhatt,MECH,3,2025
MU24CS009,Om Shah,CSE,5,2024
MU23IT009,Harsh Bhatt,IT,7,2023
MU25EC009,Riya Vyas,ECE,3,2025
MU25ME006,Rohan Chauhan,MECH,3,2025
MU24CS010,Riya Dave,CSE,5,2024
MU23IT010,Dhruv Parmar,IT,7,2023
MU24EC010,Priya Dave,ECE,5,2024
MU24ME009,Harsh Patel,MECH,5,2024
MU24CS011,Parth Patel,CSE,5,2024
MU25IT010,Neha Mehta,IT,3,2025
MU23EC007,Neha Parmar,ECE,7,2023
MU23ME011,Tanvi Raval,MECH,7,2023
MU23CS008,Harsh Desai,CSE,7,2023
MU24IT007,Nikhil Pandya,IT,5,2024
MU25EC010,Om Parmar,ECE,3,2025
MU23ME012,Sneha Kapadia,MECH,7,2023
MU25CS009,Dev Desai,CSE,3,2025
MU23IT011,Rohan Chauhan,IT,7,2023
MU24EC011,Diya Parmar,ECE,5,2024
MU25ME007,Kavya Dave,MECH,3,2025
MU25CS010,Meet Desai,CSE,3,2025
MU25IT011,Tanvi Trivedi,IT ,3,2025
MU24EC012,Priya Kapadia,ECE,5,2024
MU23ME013,Jainam Kapadia,MECH,7,2023
MU23CS009,Rohan Gohil,CSE,7,2023
MU23IT012,Harsh Vyas,IT,7,2023
MU25EC011,Jainam Joshi,ece,3,2025
MU25ME008,Aditya Pandya,MECH,3,2025
MU25CS011,Khushi Desai,cse,3,2025
MU25IT012,Krish Gohil,IT,3,2025
MU24EC013,Meet Patel,ECE,5,2024
MU25ME009,Ananya Raval,MECH,3,2025
MU24CS012,Diya Modi,CSE,5,2024
MU23IT013,Raj Pandya,IT,7,2023
MU24EC014,Jay Patel,ECE,5,2024
MU25ME010,Dhruv Desai,MECH,3,2025
MU23CS010,Krish Shah,CSE,7,2023
MU25IT013,Khushi Joshi,IT ,3,2025
MU25EC012,Karan Solanki,ECE,3,2025
MU24ME010,Nikhil Modi,mech,5,2024
MU23CS011,Karan Trivedi,CSE ,7,2023
MU23IT014,Jainam Thakkar,IT,7,2023
MU23EC008,Jainam Bhatt,ECE,7,2023
MU24ME011,Kavya Mehta,MECH,5,2024
MU25CS012,Aarav Joshi,CSE,3,2025
MU23IT015,Harsh Mehta,IT ,7,2023
MU23EC009,Yash Sharma,ECE,7,2023
MU23ME014,Harsh Gohil,MECH,7,2023
MU25CS013,Yash Thakkar,CSE,3,2025
MU24IT008,Isha Joshi,IT,5,2024
MU25EC013,Parth Patel,ECE,3,2025
MU25ME011,Aditya Pandya,MECH,3,2025
MU25CS014,Krish Vyas,CSE,3,2025
MU23IT016,Pooja Kapadia,IT,7,2023
MU23EC010,Diya Sharma,ECE ,7,2023
MU23ME015,Krish Bhatt,mech,7,2023
MU24CS013,Tanvi Parmar,cse,5,2024
MU25IT014,Priya Trivedi,IT,3,2025
MU25EC014,Mansi Bhatt,ECE,3,2025
MU23ME016,Pooja Chauhan,MECH,7,2023
MU23CS012,Tanvi Dave,CSE,7,2023
MU23IT017,Nikhil Mehta,it,7,2023
MU25EC015,Isha Patel,ECE,3,2025
MU25ME012,Rohan Chauhan,MECH,3,2025
MU23CS013,Mansi Pandya,CSE,7,2023
MU25IT015,Isha Bhatt,IT,3,2025
MU24EC015,Om Dave,ECE,5,2024
MU23ME017,Tanvi Mehta,MECH,7,2023
MU23CS014,Parth Trivedi,cse,7,2023
MU25IT016,Kavya Desai,IT,3,2025
MU24EC016,Priya Thakkar,ECE,5,2024
MU24ME012,Mansi Modi,MECH,5,2024
MU25CS015,Sneha Trivedi,cse,3,2025
MU24IT009,Krish Solanki,IT,5,2024
MU25EC016,Isha Mehta,ECE,3,2025
MU24ME013,Dhruv Modi,MECH,5,2024
MU23CS015,Kavya Gohil,CSE,7,2023
MU23IT018,Harsh Desai,IT,7,2023
MU25EC017,Raj Dave,ECE ,3,2025
MU25ME013,Dhruv Mehta,MECH,3,2025
MU25CS016,Vivaan Bhatt,CSE,3,2025
MU24IT010,Ananya Mehta,IT,5,2024
MU23EC011,Parth Parmar,ECE,7,2023
MU23ME018,Mansi Mehta,MECH,7,2023
MU25CS017,Mansi Chauhan,CSE,3,2025
MU23IT019,Rohan Trivedi,IT,7,2023
MU24EC017,Rohan Bhatt,ECE,5,2024
MU23ME019,Neha Patel,MECH,7,2023
MU25CS018,Vivaan Joshi,CSE,3,2025
MU23IT020,Parth Shah,IT,7,2023
MU24EC018,Pooja Gohil,ECE,5,2024
MU25ME014,Parth Solanki,MECH,3,2025
MU25CS019,Meet Sharma,CSE ,3,2025
MU24IT011,Raj Modi,IT,5,2024
MU25EC018,Hetvi Gohil,ECE,3,2025
MU23ME020,Riya Joshi,MECH,7,2023
MU25CS020,Jay Desai,CSE,3,2025
MU23IT021,Tanvi Chauhan,IT,7,2023
MU25EC019,Isha Trivedi,ECE,3,2025
MU23ME021,Aarav Solanki,MECH,7,2023
MU25CS021,Priya Modi,cse,3,2025
MU23IT022,Aditya Dave,IT,7,2023
MU23EC012,Vivaan Vyas,ECE,7,2023
MU25ME015,Yash Shah,MECH,3,2025
MU25CS022,Hetvi Dave,CSE,3,2025
MU25IT017,Jay Sharma,IT,3,2025
MU23EC013,Parth Chauhan,ECE,7,2023
MU25ME016,Sneha Jadeja,MECH,3,2025
MU24CS014,Om Pandya,CSE,5,2024
MU23IT023,Parth Gohil,it,7,2023
MU23EC014,Priya Sharma,ECE,7,2023
MU25ME017,Hetvi Bhatt,MECH,3,2025
MU25CS023,Diya Raval,cse,3,2025
MU24IT012,Jay Trivedi,IT,5,2024
MU23EC015,Rohan Vyas,ece,7,2023
MU24ME014,Rohan Vyas,MECH,5,2024
MU24CS015,Dev Parmar,CSE,5,2024
MU24IT013,Priya Solanki,it,5,2024
MU25EC020,Meet Vyas,ECE,3,2025
MU24ME015,Karan Raval,MECH ,5,2024
MU23CS016,Harsh Thakkar,CSE ,7,2023
MU25IT018,Yash Kapadia,IT,3,2025
MU25EC021,Riya Thakkar,ECE,3,2025
MU23ME022,Kavya Gohil,mech,7,2023
MU25CS024,Hetvi Bhatt,CSE,3,2025
MU24IT014,Dev Dave,it,5,2024
MU24EC019,Priya Thakkar,ECE,5,2024
MU24ME016,Aditya Trivedi,MECH,5,2024
MU23CS017,Raj Patel,CSE,7,2023
MU23IT024,Pooja Raval,IT,7,2023
MU24EC020,Hetvi Kapadia,ECE,5,2024
MU23ME023,Dhruv Jadeja,MECH,7,2023
MU24CS016,Aditya Jadeja,cse,5,2024
MU25IT019,Pooja Shah,IT,3,2025
MU24EC021,Dhruv Pandya,ECE,5,2024
MU23ME024,Dhruv Sharma,mech,7,2023
MU23CS018,Parth Vyas,cse,7,2023
MU24IT015,Kavya Thakkar,IT,5,2024
MU25EC022,Om Kapadia,ECE,3,2025
MU25ME018,Aditya Trivedi,MECH,3,2025
MU25CS025,Pooja Shah,CSE,3,2025
MU23IT025,Priya Jadeja,IT,7,2023
MU23EC016,Karan Mehta,ECE,7,2023
MU24ME017,Aarav Chauhan,MECH,5,2024
MU24CS017,Kavya Raval,CSE,5,2024
MU24IT016,Nikhil Thakkar,IT,5,2024
MU25EC023,Om Gohil,ECE,3,2025
MU24ME018,Jay Chauhan,MECH,5,2024
MU23CS019,Mansi Dave,CSE,7,2023
MU23IT026,Om Mehta,IT,7,2023
MU25EC024,Aditya Bhatt,ECE,3,2025
MU24ME019,Nikhil Vyas,MECH ,5,2024
MU25CS026,Om Desai,CSE,3,2025
MU25IT020,Nikhil Parmar,IT,3,2025
MU25EC025,Khushi Dave,ECE,3,2025
MU25ME019,Tanvi Trivedi,MECH,3,2025
MU25CS027,Ananya Gohil,CSE,3,2025
MU23IT027,Meet Joshi,IT,7,2023
MU25EC026,Rohan Shah,ECE,3,2025
MU25ME020,Neha Vyas,MECH,3,2025
MU25CS028,Diya Mehta,CSE ,3,2025
MU25IT021,Karan Chauhan,IT,3,2025
MU25EC027,Dhruv Solanki,ece,3,2025
MU25ME021,Sneha Bhatt,MECH,3,2025
MU23CS020,Diya Raval,CSE,7,2023
MU25IT022,Aarav Pandya,IT,3,2025
MU25EC028,Dhruv Vyas,ECE ,3,2025
MU23ME025,Harsh Modi,mech,7,2023
MU25CS029,Tanvi Mehta,CSE,3,2025
MU23IT028,Riya Chauhan,IT,7,2023
MU23EC017,Yash Gohil,ECE,7,2023
MU23ME026,Aditya Bhatt,MECH,7,2023
MU25CS030,Parth Vyas,CSE,3,2025
MU23IT029,Jainam Bhatt,IT,7,2023
MU23EC018,Kavya Patel,ECE,7,2023
MU23ME027,Priya Kapadia,MECH,7,2023
MU25CS031,Om Gohil,CSE ,3,2025
MU23IT030,Diya Sharma,IT,7,2023
MU23EC019,Khushi Raval,ece,7,2023
MU23ME028,Om Dave,MECH,7,2023
MU23CS021,Krish Raval,CSE,7,2023
MU25IT023,Aarav Raval,IT,3,2025
MU23EC020,Tanvi Jadeja,ECE,7,2023
MU23ME029,Yash Modi,MECH,7,2023
MU25CS032,Aarav Desai,CSE,3,2025
MU23IT031,Kavya Mehta,IT,7,2023
MU25EC029,Om Dave,ECE,3,2025
MU23ME030,Aarav Kapadia,MECH,7,2023
MU23CS022,Tanvi Kapadia,CSE,7,2023
MU23IT032,Aarav Patel,IT,7,2023
MU23EC021,Vivaan Dave,ECE,7,2023
MU24ME020,Jainam Dave,MECH,5,2024
MU25CS033,Jay Trivedi,CSE,3,2025
MU25IT024,Jay Shah,IT,3,2025
MU25EC030,Parth Sharma,ECE,3,2025
MU25ME022,Krish Thakkar,MECH,3,2025
MU25CS034,Yash Dave,CSE,3,2025
MU25IT025,Kavya Patel,it,3,2025
MU24EC022,Dev Mehta,ECE,5,2024
MU23ME031,Yash Gohil,mech,7,2023
MU24CS018,Raj Gohil,CSE,5,2024
MU24IT017,Aditya Modi,IT,5,2024
MU24EC023,Rohan Dave,ECE,5,2024
MU25ME023,Vivaan Joshi,MECH,3,2025
MU23CS023,Harsh Shah,CSE,7,2023
MU25IT026,Priya Sharma,IT ,3,2025
MU25EC031,Sneha Gohil,ECE,3,2025
MU23ME032,Aditya Jadeja,MECH,7,2023
MU23CS024,Vivaan Desai,CSE,7,2023
MU25IT027,Kavya Pandya,IT,3,2025
MU24EC024,Karan Solanki,ece,5,2024
MU23ME033,Om Joshi,MECH,7,2023
MU24CS019,Jainam Chauhan,CSE,5,2024
MU24IT018,Neha Thakkar,IT,5,2024
MU23EC022,Tanvi Modi,ECE,7,2023
MU24ME021,Kavya Mehta,MECH,5,2024
MU23CS025,Dhruv Gohil,CSE,7,2023
MU23IT033,Isha Chauhan,IT,7,2023
MU24EC025,Yash Trivedi,ECE,5,2024
MU24ME022,Kavya Kapadia,MECH,5,2024
MU23CS026,Rohan Bhatt,CSE,7,2023
MU24IT019,Yash Vyas,IT,5,2024
MU25EC032,Riya Mehta,ECE,3,2025
MU23ME034,Jainam Mehta,MECH,7,2023
MU25CS035,Harsh Shah,CSE,3,2025
MU23IT034,Sneha Vyas,IT,7,2023
MU25EC033,Sneha Vyas,ECE,3,2025
MU24ME023,Jainam Vyas,MECH,5,2024
MU23CS027,Isha Dave,CSE,7,2023
MU23IT035,Dhruv Chauhan,IT,7,2023
MU24EC026,Meet Kapadia,ECE,5,2024
MU23ME035,Harsh Vyas,MECH,7,2023
MU24CS020,Riya Mehta,CSE,5,2024
MU23IT036,Aditya Chauhan,IT,7,2023
MU24EC027,Neha Chauhan,ECE ,5,2024
MU25ME024,Neha Jadeja,MECH,3,2025
MU24CS021,Tanvi Jadeja,CSE,5,2024
MU23IT037,Jay Thakkar,IT,7,2023
MU24EC028,Neha Joshi,ECE,5,2024
MU24ME024,Priya Jadeja,mech,5,2024
MU24CS022,Ananya Sharma,CSE,5,2024
MU24IT020,Parth Pandya,IT,5,2024
MU24EC029,Khushi Mehta,ECE,5,2024
MU25ME025,Hetvi Gohil,MECH,3,2025
MU25CS036,Priya Trivedi,CSE,3,2025
MU25IT028,Jay Parmar,IT,3,2025
MU24EC030,Hetvi Solanki,ECE,5,2024
MU24ME025,Vivaan Mehta,MECH,5,2024
MU23CS028,Aditya Modi,CSE,7,2023
MU25IT029,Parth Shah,IT,3,2025
MU23EC023,Harsh Chauhan,ECE,7,2023
MU24ME026,Riya Joshi,MECH,5,2024
MU25CS037,Meet Shah,cse,3,2025
MU25IT030,Mansi Patel,IT,3,2025
MU24EC031,Parth Pandya,ECE,5,2024
MU25ME026,Isha Solanki,MECH,3,2025
MU25CS038,Rohan Desai,CSE,3,2025
MU24IT021,Yash Mehta,IT,5,2024
MU24EC032,Ananya Gohil,ECE,5,2024
MU25ME027,Aditya Sharma,mech,3,2025
MU24CS023,Om Vyas,CSE,5,2024
MU23IT038,Om Raval,IT,7,2023
MU23EC024,Nikhil Thakkar,ECE,7,2023
MU24ME027,Mansi Jadeja,MECH,5,2024
MU24CS024,Aarav Raval,cse,5,2024
MU23IT039,Raj Gohil,it,7,2023
MU24EC033,Rohan Pandya,ECE,5,2024
MU23ME036,Isha Dave,MECH,7,2023
MU25CS039,Jainam Sharma,CSE,3,2025
MU24IT022,Dev Dave,IT,5,2024
MU25EC034,Jainam Raval,ECE,3,2025
MU23ME037,Priya Vyas,MECH,7,2023
MU25CS040,Diya Parmar,cse,3,2025
MU23IT040,Hetvi Thakkar,IT,7,2023
MU23EC025,Kavya Bhatt,ECE,7,2023
MU24ME028,Mansi Joshi,MECH,5,2024
MU23CS029,Karan Desai,CSE,7,2023
MU25IT031,Dhruv Patel,IT,3,2025
MU24EC034,Dev Joshi,ECE,5,2024
MU23ME038,Karan Bhatt,MECH,7,2023
MU25CS041,Pooja Pandya,cse,3,2025
MU24IT023,Aarav Shah,IT,5,2024
MU23EC026,Jay Dave,ece,7,2023
MU25ME028,Hetvi Jadeja,mech,3,2025
MU24CS025,Tanvi Vyas,cse,5,2024
MU25IT032,Om Thakkar,IT,3,2025
MU24EC035,Vivaan Pandya,ece,5,2024
MU24ME029,Raj Gohil,MECH,5,2024
MU25CS042,Ananya Kapadia,CSE,3,2025
MU25IT033,Meet Bhatt,it,3,2025
MU24EC036,Om Raval,ECE,5,2024
MU25ME029,Diya Gohil,mech ,3,2025
MU24CS026,Mansi Parmar,CSE,5,2024
MU24IT024,Krish Modi,IT,5,2024
MU24EC037,Ananya Chauhan,ECE,5,2024
MU24ME030,Hetvi Gohil,mech,5,2024
MU24CS027,Krish Patel,CSE,5,2024
MU24IT025,Jainam Kapadia,IT,5,2024
MU24EC038,Sneha Solanki,ECE,5,2024
MU23ME039,Aarav Parmar,MECH,7,2023
MU23CS030,Karan Trivedi,CSE,7,2023
MU23IT041,Sneha Kapadia,IT,7,2023
MU25EC035,Kavya Vyas,ECE,3,2025
MU23ME040,Rohan Chauhan,MECH ,7,2023
MU24CS028,Aarav Vyas,CSE,5,2024
MU23IT042,Karan Pandya,IT,7,2023
MU24EC039,Tanvi Pandya,ece,5,2024
MU25ME030,Parth Jadeja,MECH,3,2025
MU25CS043,Riya Sharma,cse,3,2025
MU25IT034,Tanvi Kapadia,it,3,2025
MU24EC040,Nikhil Trivedi,ECE,5,2024
MU25ME031,Sneha Thakkar,MECH,3,2025
MU24CS029,Khushi Shah,CSE,5,2024
MU23IT043,Priya Pandya,IT,7,2023
MU25EC036,Kavya Jadeja,ECE ,3,2025
MU24ME031,Dhruv Raval,MECH,5,2024
MU24CS030,Jainam Mehta,CSE,5,2024
MU25IT035,Rohan Trivedi,IT ,3,2025
MU25EC037,Raj Sharma,ECE,3,2025
MU25ME032,Tanvi Parmar,MECH,3,2025
MU23CS031,Krish Trivedi,CSE,7,2023
MU23IT044,Priya Thakkar,IT,7,2023
MU25EC038,Riya Modi,ece,3,2025
MU25ME033,Hetvi Bhatt,MECH,3,2025
MU23CS032,Jainam Desai,CSE,7,2023
MU24IT026,Aditya Thakkar,IT,5,2024
MU24EC041,Aditya Desai,ECE,5,2024
MU24ME032,Neha Dave,MECH ,5,2024
MU23CS033,Mansi Vyas,CSE,7,2023
MU25IT036,Jay Patel,it,3,2025
MU23EC027,Diya Sharma,ECE,7,2023
MU23ME041,Diya Mehta,MECH,7,2023
MU25CS044,Yash Thakkar,CSE,3,2025
MU25IT037,Tanvi Thakkar,IT,3,2025
MU23EC028,Hetvi Pandya,ECE,7,2023
MU25ME034,Diya Dave,MECH,3,2025
MU24CS031,Vivaan Kapadia,CSE,5,2024
MU23IT045,Krish Jadeja,IT,7,2023
MU23EC029,Hetvi Vyas,ECE,7,2023
MU23ME042,Dhruv Gohil,MECH,7,2023
MU23CS034,Yash Gohil,CSE,7,2023
MU23IT046,Raj Vyas,IT,7,2023
MU25EC039,Khushi Jadeja,ECE,3,2025
MU25ME035,Jay Desai,MECH,3,2025
MU24CS032,Hetvi Gohil,CSE ,5,2024
MU24IT027,Om Modi,IT,5,2024
MU25EC040,Harsh Pandya,ECE ,3,2025
MU24ME033,Kavya Solanki,MECH ,5,2024
MU23CS035,Harsh Gohil,CSE,7,2023
MU25IT038,Hetvi Joshi,IT,3,2025
MU25EC041,Aditya Raval,ECE ,3,2025
MU24ME034,Kavya Pandya,MECH,5,2024
MU24CS033,Parth Gohil,cse,5,2024
MU25IT039,Tanvi Trivedi,IT,3,2025
MU25EC042,Isha Gohil,ECE,3,2025
MU23ME043,Krish Chauhan,MECH,7,2023
MU23CS036,Jainam Modi,cse,7,2023
MU25IT040,Raj Chauhan,IT ,3,2025
MU23EC030,Diya Bhatt,ece ,7,2023
MU25ME036,Dev Bhatt,MECH,3,2025
MU24CS034,Rohan Mehta,CSE,5,2024
MU24IT028,Aditya Shah,IT,5,2024
MU24EC042,Dev Chauhan,ECE,5,2024
MU23ME044,Meet Bhatt,MECH,7,2023
MU25CS045,Tanvi Modi,CSE,3,2025
MU24IT029,Kavya Vyas,IT,5,2024
MU25EC043,Dhruv Sharma,ECE,3,2025
MU25ME037,Priya Gohil,MECH,3,2025
MU25CS046,Harsh Parmar,CSE,3,2025
MU25IT041,Diya Desai,IT,3,2025
MU24EC043,Meet Modi,ECE,5,2024
MU25ME038,Meet Gohil,MECH,3,2025
MU25CS047,Raj Desai,CSE,3,2025
MU24IT030,Sneha Raval,IT,5,2024
MU23EC031,Harsh Modi,ECE,7,2023
MU23ME045,Harsh Parmar,MECH,7,2023
MU23CS037,Rohan Parmar,CSE,7,2023
MU25IT042,Aarav Trivedi,it,3,2025
MU23EC032,Neha Trivedi,ECE,7,2023
MU25ME039,Pooja Thakkar,MECH,3,2025
MU24CS035,Kavya Modi,CSE,5,2024
MU24IT031,Dhruv Sharma,IT,5,2024
MU24EC044,Yash Trivedi,ECE,5,2024
MU25ME040,Yash Kapadia,MECH,3,2025
MU23CS038,Om Bhatt,CSE,7,2023
MU23IT047,Karan Chauhan,IT,7,2023
MU23EC033,Krish Vyas,ECE,7,2023
MU24ME035,Meet Sharma,MECH ,5,2024
MU25CS048,Priya Kapadia,CSE,3,2025
MU24IT032,Rohan Patel,IT,5,2024
MU25EC044,Dhruv Pandya,ECE,3,2025
MU23ME046,Harsh Patel,MECH,7,2023
MU23CS039,Jay Chauhan,CSE,7,2023
MU23IT048,Jainam Bhatt,IT,7,2023
MU23EC034,Priya Thakkar,ece,7,2023
MU23ME047,Vivaan Shah,MECH ,7,2023
MU25CS049,Krish Jadeja,CSE,3,2025
MU24IT033,Om Shah,it,5,2024
MU25EC045,Yash Vyas,ECE,3,2025
MU23ME048,Jainam Parmar,MECH,7,2023
MU24CS036,Diya Desai,CSE,5,2024
MU24IT034,Rohan Patel,IT,5,2024
MU23EC035,Krish Vyas,ece,7,2023
MU25ME041,Rohan Patel,MECH,3,2025
MU23CS040,Priya Trivedi,CSE,7,2023
MU24IT035,Aarav Parmar,IT,5,2024
MU24EC045,Isha Chauhan,ECE,5,2024
MU25ME042,Riya Dave,MECH,3,2025
